CREATE DATABASE /*!32312 IF NOT EXISTS*/ logon;
USE logon;

CREATE DATABASE /*!32312 IF NOT EXISTS*/ logon;
USE logon;

--
-- Dump of logon.account_data
-- Dump DATE : 05.16.09 16:34:31
--

-- EMPTY

--
-- Dump of logon.account_forced_permissions
-- Dump DATE : 05.16.09 16:34:31
--

-- EMPTY

--
-- Dump of logon.accounts
-- Dump DATE : 05.16.09 16:34:31
--

-- Dumping data for table logon.accounts
LOCK TABLES accounts WRITE;
DELETE FROM accounts;
INSERT INTO accounts (`acct`,`login`,`password`,`encrypted_password`,`gm`,`banned`,`lastlogin`,`lastip`,`email`,`flags`,`forceLanguage`,`muted`,`reward_points`,`banreason`) VALUES 
	(1,'red','edwint253','','az',0,'2009-05-10 15:08:01','127.0.0.1','edwintcloud@yahoo.com',24,'enUS',0,5,'because'),
	(4,'pdgeorge','teabag236','','a',0,'2009-04-29 01:36:55','58.168.132.59','tc_monkey1@hotmail.com',24,'enUS',0,0,''),
	(3,'KH12ER','Khizer786','','a',0,'2009-05-02 20:03:49','82.1.225.4','Samad786@msn.com',24,'enUS',0,0,''),
	(5,'mariano','adasadas','','a',0,'2009-05-02 16:35:07','217.132.107.55','marianoh7@hotmail.com',24,'enUS',0,0,''),
	(6,'derrickhen','trains01','','az',0,'2009-05-02 16:57:27','173.67.28.100','derrickhen@msn.com',24,'enUS',0,0,''),
	(7,'cribdeath18','trains01','','az',0,'2009-04-27 17:58:53','173.67.28.100','derrickhen@msn.com',24,'enUS',0,0,''),
	(8,'reaper','therock','','a',0,'2009-04-28 15:18:01','127.0.0.1','myriad.mod@gmail.com',24,'enUS',0,0,''),
	(9,'jedanis','145031','','a',0,'2009-04-28 04:17:58','75.171.197.158','cdsg01@yahoo.es',24,'enUS',0,0,''),
	(13,'timmyhands','timothy','','0',0,'2009-05-02 21:14:50','24.191.125.172','timmyhands@hotmail.com',24,'enUS',1,0,'for being stupid'),
	(12,'Raged','people','','a',0,'2009-05-03 17:37:03','69.136.120.208','nirvana.grunge@gmail.com',24,'enUS',0,0,''),
	(14,'frage','rethimniakos','','0',0,'0000-00-00 00:00:00','94.70.126.19','frage04@hotmail.com',24,'enUS',0,0,'for being stupid'),
	(15,'edwintcloud','edwint253','','0',0,'0000-00-00 00:00:00','127.0.0.1','edwintcloud@gmail.com',24,'enUS',0,0,'');
UNLOCK TABLES;

--
-- Dump of logon.arenateams
-- Dump DATE : 05.16.09 16:34:31
--

-- EMPTY

--
-- Dump of logon.auctions
-- Dump DATE : 05.16.09 16:34:31
--

-- EMPTY

--
-- Dump of logon.banned_names
-- Dump DATE : 05.16.09 16:34:31
--

-- EMPTY

--
-- Dump of logon.character_achievement
-- Dump DATE : 05.16.09 16:34:31
--

-- Dumping data for table logon.character_achievement
LOCK TABLES character_achievement WRITE;
DELETE FROM character_achievement;
INSERT INTO character_achievement (`guid`,`achievement`,`date`) VALUES 
	(5,457,1241289066),
	(5,1408,1241289066),
	(5,11,1241289066),
	(5,465,1241289066),
	(5,8,1231190967),
	(5,9,1231190967),
	(5,10,1231190967),
	(5,6,1231190967),
	(5,7,1231190967),
	(2,8,1232234555),
	(2,9,1232234555),
	(2,457,1232234555),
	(2,10,1232234555),
	(2,11,1232234555),
	(2,459,1232234555),
	(2,12,1232234555),
	(2,1404,1232234555),
	(2,13,1232234555),
	(2,6,1232234555),
	(2,7,1232234555),
	(5,889,1241124174),
	(5,698,1241124174),
	(5,131,1241124174),
	(5,891,1241124174),
	(5,132,1241124174),
	(5,133,1241124174),
	(3,133,1241283994),
	(3,132,1241283994),
	(3,891,1241283994),
	(3,131,1241283994),
	(3,889,1241283994),
	(5,12,1241289066),
	(5,13,1241289066),
	(2,648,1241289734),
	(8,8,1241290241),
	(8,9,1241290241),
	(8,10,1241290241),
	(8,11,1241290241),
	(8,12,1241290241),
	(8,13,1241290241),
	(8,6,1241290241),
	(8,7,1241290241),
	(5,621,1241291393),
	(5,1165,1241291517),
	(12,8,1241293937),
	(12,9,1241293937),
	(12,10,1241293937),
	(12,11,1241293937),
	(12,459,1241293937),
	(12,1411,1241293937),
	(12,12,1241293937),
	(12,2084,1241293822),
	(12,13,1241293937),
	(12,701,1241293822),
	(12,6,1241293937),
	(12,7,1241293937),
	(12,621,1241294556),
	(15,8,1241295597),
	(15,9,1241295597),
	(15,10,1241295597),
	(15,11,1241295597),
	(15,12,1241295597),
	(15,13,1241295597),
	(15,6,1241295597),
	(15,1406,1241295597),
	(15,7,1241295597),
	(16,889,1241295652),
	(16,131,1241295652),
	(16,891,1241295652),
	(16,132,1241295652),
	(16,133,1241295652),
	(16,8,1241295692),
	(16,9,1241295692),
	(16,10,1241295692),
	(16,11,1241295692),
	(16,12,1241295692),
	(16,13,1241295692),
	(16,461,1241295692),
	(16,6,1241295692),
	(16,7,1241295692),
	(17,8,1241296261),
	(17,9,1241296261),
	(17,10,1241296261),
	(17,458,1241296261),
	(17,11,1241296261),
	(17,12,1241296261),
	(17,13,1241296261),
	(17,6,1241296261),
	(17,7,1241296261),
	(18,8,1241296638),
	(18,9,1241296638),
	(18,10,1241296638),
	(18,11,1241296638),
	(18,12,1241296638),
	(18,13,1241296638),
	(18,6,1241296638),
	(18,7,1241296638),
	(17,545,1241296597),
	(17,697,1241299730),
	(12,697,1241299730),
	(18,701,1241301614),
	(16,698,1241305563),
	(16,725,1241305563),
	(18,698,1241305653),
	(18,891,1241305506),
	(18,725,1241305653),
	(16,890,1241305642),
	(16,892,1241305642),
	(18,1408,1241309090),
	(18,457,1241309090),
	(18,465,1241309090),
	(18,889,1241309090),
	(18,890,1241309090),
	(18,892,1241309090),
	(19,8,1241311869),
	(19,9,1241311869),
	(19,10,1241311869),
	(19,11,1241311869),
	(19,459,1241311869),
	(19,12,1241311869),
	(19,1412,1241311869),
	(19,13,1241311869),
	(19,6,1241311869),
	(19,7,1241311869),
	(19,697,1241313544),
	(19,695,1241313544),
	(18,2146,1241381642),
	(18,572,1241381642);
UNLOCK TABLES;

--
-- Dump of logon.character_achievement_progress
-- Dump DATE : 05.16.09 16:34:31
--

-- Dumping data for table logon.character_achievement_progress
LOCK TABLES character_achievement_progress WRITE;
DELETE FROM character_achievement_progress;
INSERT INTO character_achievement_progress (`guid`,`criteria`,`counter`,`date`) VALUES 
	(2,4948,5,1241289469),
	(2,5529,27,1241289398),
	(5,4093,12540,1241293448),
	(5,3512,12540,1241293448),
	(12,5529,22,1241295507),
	(5,2343,1,1241291368),
	(2,3354,3221,1241289740),
	(5,4944,3,1241291773),
	(5,3507,12540,1241293448),
	(12,7870,1,1241293822),
	(12,2355,1,1241294995),
	(5,3390,1,1241291517),
	(12,5530,10,1241295507),
	(5,5816,1,1241291303),
	(2,555,1,1241289734),
	(2,4954,1,1241293192),
	(12,7401,1,1241293822),
	(12,2347,1,1241294983),
	(5,3510,12540,1241293448),
	(2,4093,3221,1241289740),
	(5,4953,1,1241291773),
	(12,4953,19,1241295733),
	(5,2930,1,1241291393),
	(2,3510,3221,1241289740),
	(2,5531,1,1241293192),
	(12,5311,3,1241293822),
	(12,2342,1,1241294982),
	(5,4949,2,1241293436),
	(2,3512,3221,1241289740),
	(2,3511,3221,1241289740),
	(5,5531,2,1241293436),
	(5,3354,12540,1241293448),
	(12,2895,1,1241294556),
	(12,2356,1,1241295179),
	(5,3511,12540,1241293448),
	(2,3239,1,1241289734),
	(5,5529,3,1241291773),
	(5,5142,0,1231190967),
	(5,2061,0,1231190967),
	(5,5156,0,1231190967),
	(5,3108,0,1231190967),
	(5,36,55,1231190967),
	(5,3163,0,1231190967),
	(5,5234,55,1231190967),
	(5,3186,0,1231190967),
	(5,3177,0,1231190967),
	(5,2153,0,1231190967),
	(5,7296,0,1231190967),
	(5,5815,0,1231190967),
	(5,4270,0,1231190967),
	(5,2222,0,1231190967),
	(5,5976,0,1231190967),
	(5,4440,0,1231190967),
	(5,5967,0,1231190967),
	(5,5990,0,1231190967),
	(5,4454,0,1231190967),
	(5,1894,0,1231190967),
	(5,5044,0,1231190967),
	(5,1963,0,1231190967),
	(5,5058,0,1231190967),
	(5,6137,0,1231190967),
	(5,2064,0,1231190967),
	(5,2055,0,1231190967),
	(5,2110,0,1231190967),
	(5,5708,0,1231190967),
	(5,5219,55,1231190967),
	(5,3171,0,1231190967),
	(5,2147,0,1231190967),
	(5,4250,0,1231190967),
	(5,3226,0,1231190967),
	(5,4264,0,1231190967),
	(5,2216,0,1231190967),
	(5,749,0,1231190967),
	(5,5970,0,1231190967),
	(5,3922,0,1231190967),
	(5,5961,0,1231190967),
	(5,3913,0,1231190967),
	(5,5984,0,1231190967),
	(5,4448,0,1231190967),
	(5,3936,0,1231190967),
	(5,1888,0,1231190967),
	(5,4494,0,1231190967),
	(5,1957,0,1231190967),
	(5,6108,0,1231190967),
	(5,6131,0,1231190967),
	(5,6122,0,1231190967),
	(5,3128,0,1231190967),
	(5,3631,0,1231190967),
	(5,3119,0,1231190967),
	(5,5702,0,1231190967),
	(5,7293,0,1231190967),
	(5,7307,0,1231190967),
	(5,5259,0,1231190967),
	(5,4258,0,1231190967),
	(5,7897,0,1231190967),
	(5,231,0,1231190967),
	(5,286,0,1231190967),
	(5,5955,0,1231190967),
	(5,4474,0,1231190967),
	(5,1914,0,1231190967),
	(5,4497,0,1231190967),
	(5,1937,0,1231190967),
	(5,4488,0,1231190967),
	(5,6614,0,1231190967),
	(5,6102,0,1231190967),
	(5,2006,0,1231190967),
	(5,5069,0,1231190967),
	(5,1997,0,1231190967),
	(5,6116,0,1231190967),
	(5,5147,0,1231190967),
	(5,3122,0,1231190967),
	(5,3113,0,1231190967),
	(5,41,55,1231190967),
	(5,2112,0,1231190967),
	(5,7287,0,1231190967),
	(5,3191,0,1231190967),
	(5,6254,0,1231190967),
	(5,5230,55,1231190967),
	(5,3182,0,1231190967),
	(5,2158,0,1231190967),
	(5,7301,0,1231190967),
	(5,7891,0,1231190967),
	(5,3352,0,1231190967),
	(5,5981,0,1231190967),
	(5,4445,0,1231190967),
	(5,4468,0,1231190967),
	(5,1908,0,1231190967),
	(5,5995,0,1231190967),
	(5,4459,0,1231190967),
	(5,4482,0,1231190967),
	(5,1922,0,1231190967),
	(5,3513,0,1231190967),
	(5,5072,0,1231190967),
	(5,5063,0,1231190967),
	(5,1991,0,1231190967),
	(5,5141,0,1231190967),
	(5,2069,0,1231190967),
	(5,2060,0,1231190967),
	(5,8739,0,1231190967),
	(5,5155,0,1231190967),
	(5,3107,0,1231190967),
	(5,35,55,1231190967),
	(5,3162,0,1231190967),
	(5,5233,55,1231190967),
	(5,3185,0,1231190967),
	(5,2161,0,1231190967),
	(5,3176,0,1231190967),
	(5,2152,0,1231190967),
	(5,4255,0,1231190967),
	(5,5805,0,1231190967),
	(5,4269,0,1231190967),
	(5,2221,0,1231190967),
	(5,5975,0,1231190967),
	(5,5966,0,1231190967),
	(5,5989,0,1231190967),
	(5,4453,0,1231190967),
	(5,1893,0,1231190967),
	(5,5043,0,1231190967),
	(5,1962,0,1231190967),
	(5,5057,0,1231190967),
	(5,6136,0,1231190967),
	(5,6127,0,1231190967),
	(5,2054,0,1231190967),
	(5,2109,0,1231190967),
	(5,5707,0,1231190967),
	(5,5218,55,1231190967),
	(5,3170,0,1231190967),
	(5,2146,0,1231190967),
	(5,4249,0,1231190967),
	(5,2224,0,1231190967),
	(5,5799,0,1231190967),
	(5,4263,0,1231190967),
	(5,2215,0,1231190967),
	(5,2284,0,1231190967),
	(5,748,0,1231190967),
	(5,236,0,1231190967),
	(5,5969,0,1231190967),
	(5,5960,0,1231190967),
	(5,3912,0,1231190967),
	(5,328,0,1231190967),
	(5,4479,0,1231190967),
	(5,1919,0,1231190967),
	(5,1942,0,1231190967),
	(5,406,0,1231190967),
	(5,4493,0,1231190967),
	(5,1956,0,1231190967),
	(5,6107,0,1231190967),
	(5,6130,0,1231190967),
	(5,6121,0,1231190967),
	(5,3584,0,1231190967),
	(5,3127,0,1231190967),
	(5,2103,0,1231190967),
	(5,3118,0,1231190967),
	(5,7292,0,1231190967),
	(5,3219,0,1231190967),
	(5,7306,0,1231190967),
	(5,4257,0,1231190967),
	(5,7896,0,1231190967),
	(5,230,0,1231190967),
	(5,285,0,1231190967),
	(5,5954,0,1231190967),
	(5,4473,0,1231190967),
	(5,1913,0,1231190967),
	(5,4496,0,1231190967),
	(5,4487,0,1231190967),
	(5,1927,0,1231190967),
	(5,6613,0,1231190967),
	(5,6101,0,1231190967),
	(5,2005,0,1231190967),
	(5,5068,0,1231190967),
	(5,6115,0,1231190967),
	(5,5146,0,1231190967),
	(5,3121,0,1231190967),
	(5,5160,0,1231190967),
	(5,3112,0,1231190967),
	(5,40,55,1231190967),
	(5,5215,55,1231190967),
	(5,3167,0,1231190967),
	(5,5238,55,1231190967),
	(5,3190,0,1231190967),
	(5,6253,0,1231190967),
	(5,5229,55,1231190967),
	(5,3181,0,1231190967),
	(5,2157,0,1231190967),
	(5,7300,0,1231190967),
	(5,7890,0,1231190967),
	(5,3351,0,1231190967),
	(5,5980,0,1231190967),
	(5,4444,0,1231190967),
	(5,4467,0,1231190967),
	(5,1907,0,1231190967),
	(5,5994,0,1231190967),
	(5,4458,0,1231190967),
	(5,4481,0,1231190967),
	(5,5062,0,1231190967),
	(5,2068,0,1231190967),
	(5,2059,0,1231190967),
	(5,5154,0,1231190967),
	(5,3106,0,1231190967),
	(5,34,55,1231190967),
	(5,3161,0,1231190967),
	(5,6256,0,1231190967),
	(5,5232,55,1231190967),
	(5,2160,0,1231190967),
	(5,3175,0,1231190967),
	(5,2151,0,1231190967),
	(5,4254,0,1231190967),
	(5,5804,0,1231190967),
	(5,4268,0,1231190967),
	(5,2220,0,1231190967),
	(5,1800,0,1231190967),
	(5,5974,0,1231190967),
	(5,5965,0,1231190967),
	(5,5988,0,1231190967),
	(5,4452,0,1231190967),
	(5,1892,0,1231190967),
	(5,1947,0,1231190967),
	(5,5042,0,1231190967),
	(5,1961,0,1231190967),
	(5,6135,0,1231190967),
	(5,6126,0,1231190967),
	(5,3589,0,1231190967),
	(5,2108,0,1231190967),
	(5,5706,0,1231190967),
	(5,5217,55,1231190967),
	(5,3169,0,1231190967),
	(5,2145,0,1231190967),
	(5,7311,0,1231190967),
	(5,5263,0,1231190967),
	(5,4239,0,1231190967),
	(5,5798,0,1231190967),
	(5,4262,0,1231190967),
	(5,2214,0,1231190967),
	(5,2283,0,1231190967),
	(5,747,0,1231190967),
	(5,4409,0,1231190967),
	(5,5968,0,1231190967),
	(5,5959,0,1231190967),
	(5,4478,0,1231190967),
	(5,1918,0,1231190967),
	(5,1941,0,1231190967),
	(5,4492,0,1231190967),
	(5,8099,0,1231190967),
	(5,1955,0,1231190967),
	(5,6106,0,1231190967),
	(5,6129,0,1231190967),
	(5,6120,0,1231190967),
	(5,5151,0,1231190967),
	(5,3103,0,1231190967),
	(5,3126,0,1231190967),
	(5,2102,0,1231190967),
	(5,3117,0,1231190967),
	(5,7291,0,1231190967),
	(5,5266,0,1231190967),
	(5,3218,0,1231190967),
	(5,7305,0,1231190967),
	(5,4256,0,1231190967),
	(5,5953,0,1231190967),
	(5,9080,0,1231190967),
	(5,4472,0,1231190967),
	(5,1912,0,1231190967),
	(5,5999,0,1231190967),
	(5,4463,0,1231190967),
	(5,4486,0,1231190967),
	(5,1926,0,1231190967),
	(5,6100,0,1231190967),
	(5,2004,0,1231190967),
	(5,5067,0,1231190967),
	(5,6114,0,1231190967),
	(5,5145,0,1231190967),
	(5,3120,0,1231190967),
	(5,5159,0,1231190967),
	(5,3111,0,1231190967),
	(5,39,55,1231190967),
	(5,5214,55,1231190967),
	(5,3166,0,1231190967),
	(5,5237,55,1231190967),
	(5,3189,0,1231190967),
	(5,6252,0,1231190967),
	(5,3180,0,1231190967),
	(5,2156,0,1231190967),
	(5,7299,0,1231190967),
	(5,7889,0,1231190967),
	(5,5979,0,1231190967),
	(5,4443,0,1231190967),
	(5,347,0,1231190967),
	(5,6002,0,1231190967),
	(5,4466,0,1231190967),
	(5,1906,0,1231190967),
	(5,5993,0,1231190967),
	(5,4457,0,1231190967),
	(5,4480,0,1231190967),
	(5,1920,0,1231190967),
	(5,1966,0,1231190967),
	(5,5061,0,1231190967),
	(5,4092,0,1231190967),
	(5,2067,0,1231190967),
	(5,2058,0,1231190967),
	(5,3105,0,1231190967),
	(5,6223,0,1231190967),
	(5,79,0,1231190967),
	(5,3174,0,1231190967),
	(5,2150,0,1231190967),
	(5,4253,0,1231190967),
	(5,4267,0,1231190967),
	(5,2219,0,1231190967),
	(5,5973,0,1231190967),
	(5,4437,0,1231190967),
	(5,5964,0,1231190967),
	(5,5987,0,1231190967),
	(5,4451,0,1231190967),
	(5,1891,0,1231190967),
	(5,6042,0,1231190967),
	(5,5018,55,1231190967),
	(5,1946,0,1231190967),
	(5,5041,0,1231190967),
	(5,1960,0,1231190967),
	(5,6111,0,1231190967),
	(5,479,0,1231190967),
	(5,6134,0,1231190967),
	(5,6125,0,1231190967),
	(5,3588,0,1231190967),
	(5,2107,0,1231190967),
	(5,5705,0,1231190967),
	(5,73,0,1231190967),
	(5,5216,55,1231190967),
	(5,3168,0,1231190967),
	(5,4247,0,1231190967),
	(5,7310,0,1231190967),
	(5,5262,0,1231190967),
	(5,4238,0,1231190967),
	(5,4261,0,1231190967),
	(5,2213,0,1231190967),
	(5,2282,0,1231190967),
	(5,746,0,1231190967),
	(5,234,0,1231190967),
	(5,4408,0,1231190967),
	(5,5958,0,1231190967),
	(5,4477,0,1231190967),
	(5,1917,0,1231190967),
	(5,4500,0,1231190967),
	(5,1940,0,1231190967),
	(5,4491,0,1231190967),
	(5,1954,0,1231190967),
	(5,6617,0,1231190967),
	(5,6105,0,1231190967),
	(5,6128,0,1231190967),
	(5,6119,0,1231190967),
	(5,5150,0,1231190967),
	(5,3102,0,1231190967),
	(5,3125,0,1231190967),
	(5,2101,0,1231190967),
	(5,3116,0,1231190967),
	(5,2115,0,1231190967),
	(5,7290,0,1231190967),
	(5,5265,0,1231190967),
	(5,7304,0,1231190967),
	(5,2239,0,1231190967),
	(5,3355,0,1231190967),
	(5,5952,0,1231190967),
	(5,4471,0,1231190967),
	(5,1911,0,1231190967),
	(5,5998,0,1231190967),
	(5,4462,0,1231190967),
	(5,4485,0,1231190967),
	(5,1925,0,1231190967),
	(5,6099,0,1231190967),
	(5,5075,0,1231190967),
	(5,2003,0,1231190967),
	(5,5066,0,1231190967),
	(5,6113,0,1231190967),
	(5,5144,0,1231190967),
	(5,2063,0,1231190967),
	(5,5158,0,1231190967),
	(5,3110,0,1231190967),
	(5,38,55,1231190967),
	(5,5213,55,1231190967),
	(5,3165,0,1231190967),
	(5,5236,55,1231190967),
	(5,3188,0,1231190967),
	(5,6251,0,1231190967),
	(5,3179,0,1231190967),
	(5,2155,0,1231190967),
	(5,7298,0,1231190967),
	(5,7888,0,1231190967),
	(5,4442,0,1231190967),
	(5,6001,0,1231190967),
	(5,4465,0,1231190967),
	(5,5992,0,1231190967),
	(5,4456,0,1231190967),
	(5,1951,0,1231190967),
	(5,1965,0,1231190967),
	(5,5060,0,1231190967),
	(5,6139,0,1231190967),
	(5,2066,0,1231190967),
	(5,2057,0,1231190967),
	(5,3104,0,1231190967),
	(5,5710,0,1231190967),
	(5,5221,55,1231190967),
	(5,3173,0,1231190967),
	(5,2149,0,1231190967),
	(5,4252,0,1231190967),
	(5,4266,0,1231190967),
	(5,2218,0,1231190967),
	(5,5972,0,1231190967),
	(5,3924,0,1231190967),
	(5,5963,0,1231190967),
	(5,4939,0,1231190967),
	(5,5986,0,1231190967),
	(5,4450,0,1231190967),
	(5,3938,0,1231190967),
	(5,1890,0,1231190967),
	(5,1945,0,1231190967),
	(5,5040,0,1231190967),
	(5,1959,0,1231190967),
	(5,6110,0,1231190967),
	(5,478,0,1231190967),
	(5,6133,0,1231190967),
	(5,6124,0,1231190967),
	(5,3587,0,1231190967),
	(5,3130,0,1231190967),
	(5,2106,0,1231190967),
	(5,81,0,1231190967),
	(5,5704,0,1231190967),
	(5,7295,0,1231190967),
	(5,6294,0,1231190967),
	(5,5270,0,1231190967),
	(5,4246,0,1231190967),
	(5,7309,0,1231190967),
	(5,5261,0,1231190967),
	(5,4260,0,1231190967),
	(5,2212,0,1231190967),
	(5,7899,0,1231190967),
	(5,2281,0,1231190967),
	(5,745,0,1231190967),
	(5,233,0,1231190967),
	(5,5957,0,1231190967),
	(5,4476,0,1231190967),
	(5,1916,0,1231190967),
	(5,4499,0,1231190967),
	(5,1939,0,1231190967),
	(5,4490,0,1231190967),
	(5,1953,0,1231190967),
	(5,6616,0,1231190967),
	(5,6104,0,1231190967),
	(5,5071,0,1231190967),
	(5,1999,0,1231190967),
	(5,6118,0,1231190967),
	(5,3558,0,1231190967),
	(5,5149,0,1231190967),
	(5,3101,0,1231190967),
	(5,3124,0,1231190967),
	(5,2100,0,1231190967),
	(5,3115,0,1231190967),
	(5,2114,0,1231190967),
	(5,7289,0,1231190967),
	(5,5264,0,1231190967),
	(5,7303,0,1231190967),
	(5,6348,0,1231190967),
	(5,5983,0,1231190967),
	(5,4447,0,1231190967),
	(5,1887,0,1231190967),
	(5,4470,0,1231190967),
	(5,1910,0,1231190967),
	(5,5997,0,1231190967),
	(5,4461,0,1231190967),
	(5,4484,0,1231190967),
	(5,1924,0,1231190967),
	(5,8146,0,1231190967),
	(5,5074,0,1231190967),
	(5,5065,0,1231190967),
	(5,1993,0,1231190967),
	(5,6112,0,1231190967),
	(5,5143,0,1231190967),
	(5,2062,0,1231190967),
	(5,5157,0,1231190967),
	(5,3109,0,1231190967),
	(5,37,55,1231190967),
	(5,5212,55,1231190967),
	(5,3164,0,1231190967),
	(5,5235,55,1231190967),
	(5,3187,0,1231190967),
	(5,6250,0,1231190967),
	(5,3178,0,1231190967),
	(5,2154,0,1231190967),
	(5,7297,0,1231190967),
	(5,2223,0,1231190967),
	(5,6342,0,1231190967),
	(5,5977,0,1231190967),
	(5,4441,0,1231190967),
	(5,6000,0,1231190967),
	(5,4464,0,1231190967),
	(5,5991,0,1231190967),
	(5,4455,0,1231190967),
	(5,1950,0,1231190967),
	(5,1964,0,1231190967),
	(5,5059,0,1231190967),
	(5,6138,0,1231190967),
	(5,2065,0,1231190967),
	(5,2056,0,1231190967),
	(5,2111,0,1231190967),
	(5,5709,0,1231190967),
	(5,77,0,1231190967),
	(5,5220,55,1231190967),
	(5,3172,0,1231190967),
	(5,2148,0,1231190967),
	(5,4251,0,1231190967),
	(5,3227,0,1231190967),
	(5,4265,0,1231190967),
	(5,2217,0,1231190967),
	(5,750,0,1231190967),
	(5,5971,0,1231190967),
	(5,3923,0,1231190967),
	(5,5962,0,1231190967),
	(5,3914,0,1231190967),
	(5,5985,0,1231190967),
	(5,4449,0,1231190967),
	(5,3937,0,1231190967),
	(5,1889,0,1231190967),
	(5,1944,0,1231190967),
	(5,4495,0,1231190967),
	(5,1958,0,1231190967),
	(5,6109,0,1231190967),
	(5,6132,0,1231190967),
	(5,6123,0,1231190967),
	(5,3129,0,1231190967),
	(5,2105,0,1231190967),
	(5,6224,0,1231190967),
	(5,80,0,1231190967),
	(5,5703,0,1231190967),
	(5,7294,0,1231190967),
	(5,7308,0,1231190967),
	(5,5260,0,1231190967),
	(5,4259,0,1231190967),
	(5,2211,0,1231190967),
	(5,7898,0,1231190967),
	(5,744,0,1231190967),
	(5,232,0,1231190967),
	(5,5956,0,1231190967),
	(5,4475,0,1231190967),
	(5,1915,0,1231190967),
	(5,4498,0,1231190967),
	(5,1938,0,1231190967),
	(5,4489,0,1231190967),
	(5,1952,0,1231190967),
	(5,6615,0,1231190967),
	(5,6103,0,1231190967),
	(5,2007,0,1231190967),
	(5,5070,0,1231190967),
	(5,1998,0,1231190967),
	(5,6117,0,1231190967),
	(5,3557,0,1231190967),
	(5,5148,0,1231190967),
	(5,3123,0,1231190967),
	(5,2099,0,1231190967),
	(5,3114,0,1231190967),
	(5,2113,0,1231190967),
	(5,7288,0,1231190967),
	(5,3192,0,1231190967),
	(5,6255,0,1231190967),
	(5,5231,55,1231190967),
	(5,3183,0,1231190967),
	(5,2159,0,1231190967),
	(5,7302,0,1231190967),
	(5,5982,0,1231190967),
	(5,4446,0,1231190967),
	(5,1886,0,1231190967),
	(5,4469,0,1231190967),
	(5,1909,0,1231190967),
	(5,5996,0,1231190967),
	(5,4460,0,1231190967),
	(5,4483,0,1231190967),
	(5,1923,0,1231190967),
	(5,5073,0,1231190967),
	(5,5064,0,1231190967),
	(5,1992,0,1231190967),
	(2,3506,3221,1241289740),
	(12,2343,1,1241294997),
	(12,2357,1,1241295136),
	(5,3506,12540,1241293448),
	(2,3507,3221,1241289740),
	(5,5530,1,1241291773),
	(5,2349,1,1241291597),
	(2,5530,25,1241289398),
	(12,2345,1,1241294981),
	(12,2351,1,1241295000),
	(2,4944,22,1241289469),
	(2,4953,2,1241289734),
	(12,2344,1,1241294981),
	(12,2350,1,1241294982),
	(2,5332,3000,1232234435),
	(2,5231,80,1232234435),
	(2,5220,80,1232234435),
	(2,5235,80,1232234435),
	(2,5212,80,1232234435),
	(2,37,80,1232234435),
	(2,5221,80,1232234435),
	(2,5328,3100,1232234435),
	(2,5236,80,1232234435),
	(2,5213,80,1232234435),
	(2,38,80,1232234435),
	(2,2032,3100,1232234435),
	(2,5216,80,1232234435),
	(2,5018,80,1232234435),
	(2,5329,4000,1232234435),
	(2,5237,80,1232234435),
	(2,5214,80,1232234435),
	(2,39,80,1232234435),
	(2,2033,4000,1232234435),
	(2,5217,80,1232234435),
	(2,2030,3100,1232234435),
	(2,5232,80,1232234435),
	(2,34,80,1232234435),
	(2,5330,3100,1232234435),
	(2,5229,80,1232234435),
	(2,5238,80,1232234435),
	(2,5215,80,1232234435),
	(2,40,80,1232234435),
	(2,2034,3000,1232234435),
	(2,5218,80,1232234435),
	(2,2031,3100,1232234435),
	(2,5233,80,1232234435),
	(2,35,80,1232234435),
	(2,5331,3100,1232234435),
	(2,5230,80,1232234435),
	(2,41,80,1232234435),
	(2,2020,200,1232234435),
	(2,5219,80,1232234435),
	(2,5234,80,1232234435),
	(2,36,80,1232234435),
	(5,4604,1,1241124174),
	(5,4598,1,1241124174),
	(12,4944,20,1241295733),
	(12,5512,12,1241295733),
	(16,5312,8,1241295673),
	(16,5311,8,1241295673),
	(18,3231,1,1241296585),
	(17,2341,1,1241296597),
	(17,3357,111173,1241296597),
	(17,3231,2,1241297090),
	(17,4800,1,1241299759),
	(17,4953,6,1241299825),
	(17,5529,2,1241299729),
	(17,5530,2,1241299729),
	(17,4949,1,1241299730),
	(17,606,1,1241299730),
	(17,4944,7,1241299730),
	(17,3260,1,1241299730),
	(12,4949,1,1241299730),
	(12,606,1,1241299730),
	(12,3260,1,1241299730),
	(18,7870,1,1241301614),
	(2,4955,3,1241302097),
	(18,5529,478,1241302038),
	(18,5530,15,1241302038),
	(18,4955,198,1241302097),
	(18,4944,496,1241302097),
	(18,4948,34,1241302391),
	(18,4953,141,1241303459),
	(16,2344,1,1241303973),
	(16,2350,1,1241303990),
	(16,2345,1,1241303980),
	(16,2347,1,1241303987),
	(16,2342,1,1241303977),
	(16,4617,1,1241305563),
	(16,741,1,1241305563),
	(18,2344,1,1241305484),
	(18,2350,1,1241305475),
	(18,4617,1,1241305653),
	(18,2345,1,1241305486),
	(18,741,1,1241305653),
	(18,2347,1,1241305478),
	(18,2342,1,1241305482),
	(16,4958,2,1241305926),
	(16,5529,40,1241305904),
	(16,4948,15,1241305904),
	(16,4944,248,1241305904),
	(16,5512,10,1241305904),
	(18,4958,85,1241305954),
	(18,5512,79,1241305954),
	(16,4953,102,1241305953),
	(16,4955,110,1241306656),
	(18,9372,1,1241306661),
	(18,4954,14,1241306661),
	(18,9368,1,1241306661),
	(18,4951,2,1241306662),
	(16,4954,10,1241307272),
	(16,4949,1,1241307276),
	(16,4950,2,1241307278),
	(18,4949,3,1241307276),
	(18,4950,2,1241307278),
	(18,9360,1,1241308080),
	(18,9362,1,1241308080),
	(18,5532,122,1241308049),
	(16,3354,5,1241308528),
	(16,3510,5,1241308528),
	(16,3511,5,1241308528),
	(16,3506,5,1241308528),
	(16,4093,5,1241308528),
	(16,3512,5,1241308528),
	(16,3507,5,1241308528),
	(16,5532,1,1241308513),
	(19,5529,2,1241312343),
	(19,5530,2,1241312343),
	(19,4637,1,1241313544),
	(19,4810,1,1241313544),
	(19,3233,1,1241315724),
	(19,4948,1,1241315976),
	(19,4944,1,1241315976),
	(18,379,1,1241381642),
	(18,5122,1,1241381642),
	(18,7567,1,1241381642),
	(18,6420,1,1241381642),
	(18,5135,1,1241381642),
	(18,6401,1,1241381642),
	(18,7158,1,1241381642),
	(2,4949,11,1241384483);
UNLOCK TABLES;

--
-- Dump of logon.characters
-- Dump DATE : 05.16.09 16:34:31
--

-- Dumping data for table logon.characters
LOCK TABLES characters WRITE;
DELETE FROM characters;
INSERT INTO characters (`guid`,`acct`,`name`,`race`,`class`,`gender`,`custom_faction`,`level`,`xp`,`exploration_data`,`skills`,`watched_faction_index`,`selected_pvp_title`,`available_pvp_titles`,`available_pvp_titles1`,`gold`,`ammo_id`,`available_prof_points`,`available_talent_points`,`current_hp`,`current_power`,`pvprank`,`bytes`,`bytes2`,`player_flags`,`player_bytes`,`positionX`,`positionY`,`positionZ`,`orientation`,`mapId`,`zoneId`,`taximask`,`banned`,`banReason`,`timestamp`,`online`,`bindpositionX`,`bindpositionY`,`bindpositionZ`,`bindmapId`,`bindzoneId`,`isResting`,`restState`,`restTime`,`playedtime`,`deathstate`,`TalentResetTimes`,`first_login`,`forced_rename_pending`,`arenaPoints`,`totalstableslots`,`instance_id`,`entrypointmap`,`entrypointx`,`entrypointy`,`entrypointz`,`entrypointo`,`entrypointinstance`,`taxi_path`,`taxi_lastnode`,`taxi_mountid`,`transporter`,`transporter_xdiff`,`transporter_ydiff`,`transporter_zdiff`,`spells`,`deleted_spells`,`reputation`,`actions`,`auras`,`finished_quests`,`finisheddailies`,`honorRolloverTime`,`killsToday`,`killsYesterday`,`killsLifeTime`,`honorToday`,`honorYesterday`,`honorPoints`,`difficulty`,`glyphs`) VALUES 
	(5,6,'Hairyscalp',1,2,0,0,200,0,'0,0,2155872256,2147484160,4,0,0,8,0,0,0,1048576,0,0,1075576832,0,0,512,0,2056,0,65544,4,32768,0,0,0,0,0,1,0,0,0,0,0,16777216,131072,0,0,0,0,0,0,0,0,0,0,0,0,128,0,0,0,0,0,0,0,0,0,0,0,0,0,0,0,0,0,0,0,0,0,0,0,0,0,0,0,0,0,0,0,0,0,0,0,0,0,0,0,0,0,0,0,0,0,0,0,0,0,0,0,0,0,0,0,0,0,0,0,0,0,0,0,0,0,0,0,0,0,0,0,0,0,0,0,0,0,0,','43;325;450;44;1;450;54;1;450;55;1;450;95;269;450;160;1;450;162;1;450;172;1;450;183;1;1;184;1;1;229;1;450;267;1;1;293;1;1;413;1;1;414;1;1;415;1;1;433;1;1;594;1;1;754;5;5;762;75;75;777;1;1;',4008636142,0,'0',0,1953223974,0,2,191,51801,24787,0,50465029,33554438,262144,196616,'16304.2','16318.1','70.4444','0',451,3520,'2 0 0 0 0 0 0 0 0 0 0 0 ',0,'',1241293587,0,'16222.6','16265.9','14.2085',1,12,0,2,0,'4834 4834 331 ',0,0,0,0,0,0,120,530,'-301.116','3161.07','31.7029','2.15749',120,0,0,0,0,'0','0','0','0,81,107,196,197,198,199,200,201,202,203,204,465,498,522,633,635,639,642,643,647,668,669,670,671,672,750,813,853,879,1022,1026,1032,1038,1042,1044,1152,2382,2479,2800,2812,3050,3127,3365,3472,4987,5502,5588,5589,5599,5614,5615,6233,6246,6247,6477,6478,6603,6940,7266,7267,7294,7328,7341,7355,8386,8737,9077,9078,9116,9125,10278,10290,10291,10292,10293,10298,10299,10300,10301,10308,10310,10312,10313,10314,10318,10322,10324,10326,10328,10329,13819,17737,19740,19742,19746,19750,19752,19834,19835,19836,19837,19838,19850,19852,19853,19854,19876,19888,19891,19895,19896,19897,19898,19899,19900,19939,19940,19941,19942,19943,20116,20164,20165,20166,20271,20597,20598,20599,20600,20772,20773,20864,20922,20923,20924,21084,21651,21652,22027,22810,23214,24239,24274,24275,25290,25291,25292,25780,25782,25894,25898,25899,25916,25918,26573,27135,27136,27137,27138,27139,27140,27141,27142,27143,27149,27150,27151,27152,27153,27154,27173,27180,27762,29932,31785,31789,31801,31884,31892,32223,33388,33776,34767,34769,48781,48782,48784,48785,48788,48800,48801,48805,48806,48816,48817,48818,48819,48931,48932,48933,48934,48935,48936,48937,48938,48941,48942,48943,48945,48947,48949,48950,53384,53385,53407,53408,53488,53503,53592,53595,53600,53601,53648,53651,53711,53720,53736,54043,54428,59298,61411,62124,','','21,0,500,500,46,4,0,0,47,17,3100,3100,54,17,3100,3100,59,16,0,0,67,14,-42000,-42000,68,6,-42000,-42000,69,17,3100,3100,70,2,-10000,-10000,72,17,4000,4000,76,6,-42000,-42000,81,6,-42000,-42000,83,4,2999,2999,86,4,2999,2999,87,2,-6500,-6500,92,2,2000,2000,93,2,2000,2000,169,12,500,500,270,16,0,0,289,4,0,0,349,0,0,0,369,0,500,500,469,25,3300,3300,470,0,500,500,471,20,150,150,509,16,0,0,510,2,-42000,-42000,529,0,200,200,530,6,-42000,-42000,549,4,2999,2999,550,4,2999,2999,551,4,2999,2999,569,4,0,0,570,4,0,0,571,4,0,0,574,4,0,0,576,2,-3500,-3500,577,0,500,500,589,0,0,0,609,0,0,0,729,2,-42000,-42000,730,16,0,0,749,0,0,0,809,16,0,0,889,6,-42000,-42000,890,16,0,0,891,24,0,0,892,14,-42000,-42000,909,16,0,0,910,0,-42000,-42000,911,6,-42000,-42000,922,6,-42000,-42000,930,17,3000,3000,932,80,0,0,933,16,0,0,934,80,0,0,935,17,0,0,936,28,0,0,941,6,-42000,-42000,942,16,0,0,946,16,0,0,947,0,-42000,-42000,948,8,0,0,949,24,0,0,952,0,0,0,967,16,0,0,970,0,-2500,-2500,978,16,-1200,-1200,989,16,0,0,990,16,0,0,1005,4,3000,3000,1011,16,0,0,1012,16,0,0,1015,2,-42000,-42000,1031,16,0,0,1037,136,0,0,1038,16,0,0,1050,16,0,0,1052,0,-42000,-42000,1064,6,-42000,-42000,1067,0,-42000,-42000,1068,16,0,0,1073,16,0,0,1077,16,0,0,1082,4,0,0,1085,6,-42000,-42000,1090,16,0,0,1091,16,0,0,1094,16,0,0,1104,16,0,0,1105,16,0,0,1106,16,0,0,1117,12,0,0,1118,12,0,0,1119,0,-42000,-42000,1124,0,-42000,-42000,1126,0,0,0,','6603,0,0,35395,0,0,53385,0,0,53595,0,0,61411,0,0,53408,0,0,31935,0,0,0,0,0,0,0,0,0,0,0,159,0,128,4540,0,128,0,0,0,0,0,0,0,0,0,0,0,0,0,0,0,0,0,0,0,0,0,0,0,0,0,0,0,0,0,0,0,0,0,0,0,0,0,0,0,0,0,0,0,0,0,0,0,0,0,0,0,0,0,0,0,0,0,0,0,0,0,0,0,0,0,0,0,0,0,0,0,0,0,0,0,0,0,0,0,0,0,0,0,0,0,0,0,0,0,0,0,0,0,0,0,0,0,0,0,0,0,0,0,0,0,0,0,0,0,0,0,0,0,0,20217,0,0,48782,0,0,0,0,0,0,0,0,0,0,0,0,0,0,0,0,0,0,0,0,0,0,0,0,0,0,21084,0,0,20375,0,0,20166,0,0,20066,0,0,20925,0,0,0,0,0,0,0,0,0,0,0,0,0,0,0,0,0,0,0,0,0,0,0,0,0,0,0,0,0,0,0,0,0,0,0,0,0,0,0,0,0,0,0,0,0,0,0,0,0,0,0,0,0,0,0,0,4540,0,128,0,0,0,0,0,0,0,0,0,0,0,0,0,0,0,0,0,0,0,0,0,0,0,0,0,0,0,0,0,0,0,0,0,0,0,0,0,0,0,0,0,0,0,0,0,0,0,0,0,0,0,0,0,0,0,0,0,0,0,0,0,0,0,0,0,0,0,0,0,0,0,0,0,0,0,0,0,0,0,0,0,0,0,0,0,0,0,0,0,0,0,0,0,0,0,0,0,0,0,0,0,0,0,0,0,0,0,0,','','','',7143545,0,0,0,0,0,0,0,'0,0,0,0,0,0,0,0,'),
	(12,6,'Derrick',6,1,0,35,200,0,'0,0,2147483648,536903680,4,0,0,0,0,0,0,4195328,0,67108864,16777216,0,268435460,262145,0,0,16777216,65544,92274700,0,0,0,0,1024,0,2,4096,0,0,0,0,0,0,0,0,0,0,0,0,0,0,0,0,0,0,0,0,0,0,0,0,0,0,0,0,0,0,0,0,0,0,0,0,0,0,0,0,0,0,0,0,0,0,0,0,0,0,0,0,0,0,0,0,0,0,0,0,0,0,0,0,0,0,0,0,0,0,0,0,0,0,0,0,0,0,0,0,0,0,0,0,0,0,0,0,0,0,0,0,0,0,0,0,0,','26;1;1;43;450;450;44;1;450;45;1;450;54;1;450;55;450;450;95;354;450;118;1;450;124;5;5;136;1;450;160;1;450;162;1;450;172;271;450;173;1;450;176;1;450;183;1;1;226;1;450;256;1;1;257;1;1;293;1;1;413;1;1;414;1;1;415;1;1;433;1;1;473;1;450;',4008636142,0,'0',0,2001044351,0,2,191,62519,0,0,458752,33554438,263168,196616,'-11794.8','-4739.34','3.32164','5.72688',1,440,'2097152 0 0 0 0 0 0 0 0 0 0 0 ',0,'',1241300133,0,'16222.6','16265.9','14.2085',1,215,0,2,0,'6058 6058 150 ',0,0,0,0,0,0,121,0,'0','0','0','0',0,0,0,0,0,'0','0','0','71,72,78,81,100,107,196,197,198,199,203,204,227,264,284,285,355,469,522,668,669,670,671,672,674,676,694,750,772,813,845,871,1160,1161,1180,1464,1608,1680,1715,1719,2048,2382,2457,2458,2479,2565,2567,2687,3018,3050,3127,3365,3411,5242,5246,5301,5308,6178,6190,6192,6233,6246,6247,6343,6477,6478,6546,6547,6548,6552,6572,6574,6603,6673,7266,7267,7341,7355,7369,7379,7384,7386,7405,8198,8204,8205,8380,8386,8737,8820,9077,9078,9116,9125,11549,11550,11551,11554,11555,11556,11564,11565,11566,11567,11572,11573,11574,11578,11580,11581,11596,11597,11600,11601,11604,11605,11608,11609,12678,1215590,17737,18499,20230,20252,20549,20550,20551,20552,20569,20658,20660,20661,20662,21651,21652,22027,22810,23920,23923,23924,23925,25202,25203,25208,25225,25231,25234,25236,25241,25242,25258,25264,25269,25286,25288,25289,29707,29932,30324,30356,30357,34428,46845,46865,46915,46917,46924,47436,47437,47439,47440,47449,47450,47465,47467,47470,47471,47474,47475,47487,47488,47501,47502,47519,47520,55694,56614,56932,57755,57823,61222,','','21,0,500,500,46,4,0,0,47,6,-42000,-42000,54,6,-42000,-42000,59,16,0,0,67,25,3500,3500,68,17,500,500,69,6,-42000,-42000,70,2,-10000,-10000,72,6,-42000,-42000,76,17,3100,3100,81,17,4000,4000,83,4,2999,2999,86,4,2999,2999,87,2,-6500,-6500,92,2,2000,2000,93,2,2000,2000,169,12,500,500,270,16,0,0,289,4,0,0,349,0,0,0,369,0,500,500,469,14,-42000,-42000,470,0,500,500,471,22,-42000,-42000,509,2,-42000,-42000,510,16,0,0,529,0,200,200,530,17,3100,3100,549,4,2999,2999,550,4,2999,2999,551,4,2999,2999,569,4,0,0,570,4,0,0,571,4,0,0,574,4,0,0,576,2,-3500,-3500,577,0,500,500,589,6,-42000,-42000,609,0,0,0,729,16,0,0,730,2,-42000,-42000,749,0,0,0,809,16,0,0,889,16,0,0,890,6,-42000,-42000,891,14,-42000,-42000,892,24,0,0,909,16,0,0,910,0,-42000,-42000,911,17,400,400,922,16,0,0,930,6,-42000,-42000,932,80,0,0,933,16,0,0,934,80,0,0,935,17,0,0,936,28,0,0,941,16,-500,-500,942,16,0,0,946,0,-42000,-42000,947,16,0,0,948,8,0,0,949,24,0,0,952,0,0,0,967,16,0,0,970,0,-2500,-2500,978,0,-42000,-42000,989,16,0,0,990,16,0,0,1005,4,3000,3000,1011,16,0,0,1012,16,0,0,1015,2,-42000,-42000,1031,16,0,0,1037,6,0,0,1038,16,0,0,1050,6,-42000,-42000,1052,144,0,0,1064,16,0,0,1067,16,0,0,1068,6,-42000,-42000,1073,16,0,0,1077,16,0,0,1082,2,-42000,-42000,1085,16,0,0,1090,16,0,0,1091,16,0,0,1094,6,-42000,-42000,1104,16,0,0,1105,16,0,0,1106,16,0,0,1117,12,0,0,1118,12,0,0,1119,0,-42000,-42000,1124,0,0,0,1126,0,-42000,-42000,','6603,0,0,47450,0,0,0,0,0,0,0,0,0,0,0,0,0,0,0,0,0,0,0,0,0,0,0,0,0,0,0,0,0,0,0,0,0,0,0,0,0,0,0,0,0,0,0,0,0,0,0,0,0,0,0,0,0,0,0,0,0,0,0,0,0,0,0,0,0,0,0,0,0,0,0,0,0,0,0,0,0,0,0,0,0,0,0,0,0,0,0,0,0,0,0,0,0,0,0,0,0,0,0,0,0,0,0,0,0,0,0,0,0,0,0,0,0,0,0,0,0,0,0,0,0,0,0,0,0,0,0,0,0,0,0,0,0,0,0,0,0,0,0,0,0,0,0,0,0,0,0,0,0,0,0,0,0,0,0,0,0,0,0,0,0,0,0,0,0,0,0,0,0,0,0,0,0,0,0,0,0,0,0,47471,0,0,47520,0,0,0,0,0,0,0,0,0,0,0,0,0,0,0,0,0,0,0,0,0,0,0,47436,0,0,47440,0,0,6603,0,0,47450,0,0,20577,0,0,2481,0,0,0,0,0,0,0,0,0,0,0,0,0,0,0,0,0,0,0,0,0,0,0,117,0,128,6603,0,0,0,0,0,0,0,0,0,0,0,0,0,0,0,0,0,0,0,0,0,0,0,0,0,0,0,0,0,0,0,0,0,0,0,6603,0,0,47450,0,0,1680,0,0,46924,0,0,23881,0,0,1715,0,0,12328,0,0,0,0,0,57755,0,0,0,0,0,0,0,0,0,0,0,6603,0,0,0,0,0,0,0,0,0,0,0,0,0,0,0,0,0,0,0,0,0,0,0,0,0,0,0,0,0,0,0,0,0,0,0,','','','',7143545,0,0,0,0,0,0,0,'0,0,0,0,0,0,0,0,'),
	(3,1,'Test',4,6,0,0,1,0,'0,0,0,0,0,0,0,0,0,0,0,0,0,0,0,0,0,0,0,0,0,8,0,0,0,0,0,0,0,0,0,0,0,0,0,0,0,0,0,0,0,0,0,0,0,0,0,0,0,0,0,0,0,0,0,0,0,0,0,0,0,0,0,0,0,0,0,0,0,0,0,0,0,0,0,0,0,0,0,0,0,0,0,0,0,0,0,0,0,0,0,0,0,0,0,0,0,0,0,0,0,0,0,0,0,0,0,0,0,0,0,0,0,0,0,0,0,0,0,0,0,0,0,0,0,0,0,0,','43;5;5;44;5;5;55;5;5;95;5;5;118;5;5;126;275;275;129;270;300;162;5;5;172;5;5;183;1;1;229;5;5;293;1;1;413;1;1;414;1;1;415;1;1;762;150;150;770;1;1;771;1;1;772;1;1;777;1;1;',4008636142,0,'0',0,1000000,0,2,0,50,0,0,33819392,33554434,262144,8,'16224.3','16274.4','13.176','1.10663',1,876,'100663296 0 0 0 0 0 0 0 0 0 0 0 ',0,'',1241284273,0,'16222.6','16265.9','14.2085',1,4298,0,2,0,'257 257 257 ',0,0,0,0,0,0,121,0,'0','0','0','0',0,0,0,0,0,'0','0','0','81,196,197,200,201,202,203,204,522,668,669,670,671,672,674,750,813,1843,2382,2479,3050,3127,3275,3276,3277,3278,3365,6233,6246,6247,6477,6478,6603,7266,7267,7341,7355,7928,7929,7934,8386,8737,9077,9078,9125,10840,10841,10846,17737,18629,18630,20582,20583,20585,20599,21009,21651,21652,22027,22810,29932,33391,45462,45477,45902,45903,45927,47541,48266,49410,49576,52665,58984,59879,59921,61437,61455,','','21,0,500,500,46,4,0,0,47,17,3100,3100,54,17,3100,3100,59,16,0,0,67,14,-42000,-42000,68,6,-42000,-42000,69,17,4000,4000,70,2,-10000,-10000,72,17,3100,3100,76,6,-42000,-42000,81,6,-42000,-42000,83,4,2999,2999,86,4,2999,2999,87,2,-6500,-6500,92,2,2000,2000,93,2,2000,2000,169,12,500,500,270,16,0,0,289,4,0,0,349,0,0,0,369,0,500,500,469,25,3300,3300,470,0,500,500,471,20,150,150,509,16,0,0,510,2,-42000,-42000,529,0,200,200,530,6,-42000,-42000,549,4,2999,2999,550,4,2999,2999,551,4,2999,2999,569,4,0,0,570,4,0,0,571,4,0,0,574,4,0,0,576,2,-3500,-3500,577,0,500,500,589,0,0,0,609,0,0,0,729,2,-42000,-42000,730,16,0,0,749,0,0,0,809,16,0,0,889,6,-42000,-42000,890,16,0,0,891,24,0,0,892,14,-42000,-42000,909,16,0,0,910,0,-42000,-42000,911,6,-42000,-42000,922,6,-42000,-42000,930,17,3000,3000,932,80,0,0,933,16,0,0,934,80,0,0,935,16,0,0,936,28,0,0,941,6,-42000,-42000,942,16,0,0,946,16,0,0,947,0,-42000,-42000,948,8,0,0,949,24,0,0,952,0,0,0,967,16,0,0,970,0,-2500,-2500,978,16,-1200,-1200,989,16,0,0,990,16,0,0,1011,16,0,0,1012,16,0,0,1015,2,-42000,-42000,1031,16,0,0,1037,136,0,0,1038,16,0,0,1050,16,0,0,1052,0,-42000,-42000,1064,6,-42000,-42000,1067,0,-42000,-42000,1068,16,0,0,1073,16,0,0,1077,16,0,0,1082,4,0,0,1085,6,-42000,-42000,1090,16,0,0,1091,16,0,0,1094,16,0,0,1104,16,0,0,1105,16,0,0,1106,16,0,0,1117,12,0,0,1118,12,0,0,1119,0,-42000,-42000,1124,0,-42000,-42000,1126,0,0,0,','6603,0,0,49576,0,0,45477,0,0,45462,0,0,45902,0,0,47541,0,0,0,0,0,0,0,0,0,0,0,0,0,0,0,0,0,59752,0,0,0,0,0,0,0,0,0,0,0,0,0,0,0,0,0,0,0,0,0,0,0,0,0,0,0,0,0,0,0,0,0,0,0,0,0,0,0,0,0,0,0,0,0,0,0,0,0,0,0,0,0,0,0,0,0,0,0,0,0,0,0,0,0,0,0,0,0,0,0,0,0,0,0,0,0,0,0,0,0,0,0,0,0,0,0,0,0,0,0,0,0,0,0,0,0,0,0,0,0,0,0,0,0,0,0,0,0,0,0,0,0,0,0,0,0,0,0,0,0,0,0,0,0,0,0,0,0,0,0,0,0,0,0,0,0,0,0,0,0,0,0,0,0,0,0,0,0,0,0,0,0,0,0,0,0,0,0,0,0,0,0,0,0,0,0,0,0,0,0,0,0,0,0,0,0,0,0,0,0,0,0,0,0,0,0,0,0,0,0,0,0,0,0,0,0,0,0,0,0,0,0,0,0,0,0,0,0,0,0,0,0,0,0,0,0,0,0,0,0,0,0,0,0,0,0,0,0,0,0,0,0,0,0,0,0,0,0,0,0,0,0,0,0,0,0,0,0,0,0,0,0,0,0,0,0,0,0,0,0,0,0,0,0,0,0,0,0,0,0,0,0,0,0,0,0,0,0,0,0,0,0,0,0,0,0,0,0,0,0,0,0,0,0,0,0,0,0,0,0,0,0,0,0,0,0,0,0,0,0,0,0,0,0,0,0,0,0,0,0,0,0,0,0,0,','','','',7143545,0,0,0,0,0,0,0,'0,0,0,0,0,0,0,0,'),
	(2,1,'Red',4,3,0,0,200,1600,'0,20,32768,1082130432,83890176,0,0,0,1671168,0,0,0,0,1073741824,0,0,524288,266240,32784,10752,2147483648,16777224,2097160,16,268435456,524288,0,1024,262146,16777218,0,0,0,0,0,16777216,131072,0,0,0,0,0,0,0,0,0,0,0,0,0,0,0,0,0,2097152,0,0,0,0,0,0,0,0,0,0,0,0,0,0,0,0,0,0,0,0,0,0,0,0,0,0,0,0,0,0,0,0,0,0,0,0,0,0,0,0,0,0,0,0,0,0,0,0,0,0,0,0,0,0,0,0,0,0,0,0,0,0,0,0,0,0,0,0,0,0,0,0,0,','45;1;450;50;1;1;51;1;1;95;106;450;126;5;5;162;1;450;163;1;1;164;1;75;173;1;450;183;1;1;226;1;450;237;1;1;414;1;1;415;1;1;769;1;1;777;1;1;',4008636142,0,'0',0,1003221,0,1,191,42987,41730,0,67110919,33554433,262144,8,'16222.6','16265.9','14.2085','1.6837',1,141,'100663296 0 0 0 0 0 0 0 0 0 0 0 ',0,'',1241985477,0,'16222.6','16265.9','14.2085',1,141,0,2,538,'27180 27180 277 ',0,0,0,0,0,0,165,530,'-301.116','3161.07','31.7029','2.11508',120,0,0,0,0,'0','0','0','5,7,11,75,81,136,203,204,260,264,265,512,522,668,669,670,671,672,747,781,813,883,982,1002,1130,1180,1302,1462,1494,1495,1499,1510,1513,1515,1543,1853,1908,1978,2382,2479,2583,2602,2641,2643,2973,3034,3043,3044,3045,3050,3111,3365,3661,3662,5116,5118,5384,5888,6061,6197,6233,6246,6247,6477,6478,6603,6991,7033,7266,7267,7341,7355,8225,8386,8985,9077,9078,9125,9454,10032,10689,10987,11027,12854,13159,13161,13163,13165,13358,13542,13543,13544,13549,13550,13551,13552,13553,13554,13555,13795,13809,13813,14260,14261,14262,14263,14264,14265,14266,14269,14270,14271,14281,14282,14283,14284,14285,14286,14287,14288,14289,14290,14294,14295,14302,14303,14304,14305,14310,14311,14316,14317,14318,14319,14320,14321,14322,14323,14324,14325,14326,14327,14922,15007,15636,16785,17151,17178,17235,17737,18209,19801,19878,19879,19880,19882,19883,19884,19885,20043,20190,20582,20583,20585,20736,21009,21651,21652,21737,22027,22093,22810,22865,22876,23018,23189,23452,23775,24199,24312,24576,24843,24910,24949,25033,25050,25260,25294,25295,25296,25322,25425,25462,25749,25772,25805,25812,25840,25906,25947,26093,26126,26134,26139,26170,26339,26462,26463,26467,26470,26471,26476,26478,26480,26481,26546,26659,26977,27014,27016,27019,27021,27022,27023,27025,27044,27045,27046,27249,27254,27255,27258,27261,27589,27604,27741,27819,28524,29879,29932,29973,30115,30129,30280,30383,30449,30522,30616,30878,30888,30890,30944,30971,31258,31902,31972,31984,32453,32686,32837,32930,33129,33329,33339,33340,33341,33342,33535,33686,33719,33804,33836,34026,34068,34074,34109,34120,34436,34477,34600,34922,35182,35354,35846,35869,35874,35886,35912,35919,35941,36073,36220,36240,36356,36916,37072,37098,37284,37383,37427,37675,37897,38010,38505,38538,38632,38688,38734,38759,38777,38917,39258,39594,39835,39921,40251,40303,40322,40327,40381,40395,40585,40685,40827,40832,40859,40860,40861,40938,41034,41131,41276,41377,41410,41451,41596,41917,41937,41938,41965,42047,42048,42049,42051,43218,46199,47113,48989,48990,48995,48996,49000,49001,49044,49045,49047,49048,49051,49052,49055,49056,49066,49067,49071,53271,53338,53339,53351,56641,58431,58434,60192,61005,61006,61846,61847,','','21,0,500,500,46,4,0,0,47,17,3100,3100,54,17,3100,3100,59,16,0,0,67,14,-42000,-42000,68,6,-42000,-42000,69,17,4000,4000,70,2,-10000,-10000,72,17,3100,3100,76,6,-42000,-42000,81,6,-42000,-42000,83,4,2999,2999,86,4,2999,2999,87,2,-6500,-6500,92,2,2000,2000,93,2,2000,2000,169,12,500,500,270,16,0,0,289,4,0,0,349,0,0,0,369,0,500,500,469,25,3300,3300,470,0,500,500,471,20,150,150,509,16,0,0,510,2,-42000,-42000,529,0,200,200,530,6,-42000,-42000,549,4,2999,2999,550,4,2999,2999,551,4,2999,2999,569,4,0,0,570,4,0,0,571,4,0,0,574,4,0,0,576,2,-3500,-3500,577,0,500,500,589,0,0,0,609,0,0,0,729,2,-42000,-42000,730,16,0,0,749,0,0,0,809,16,0,0,889,6,-42000,-42000,890,16,0,0,891,24,0,0,892,14,-42000,-42000,909,16,0,0,910,0,-42000,-42000,911,6,-42000,-42000,922,6,-42000,-42000,930,17,3000,3000,932,80,0,0,933,16,0,0,934,80,0,0,935,17,0,-5,936,28,0,0,941,6,-42000,-42000,942,16,0,0,946,17,0,50,947,0,-42000,-42000,948,8,0,0,949,24,0,0,952,0,0,0,967,16,0,0,970,0,-2500,-2500,978,16,-1200,-1200,989,16,0,0,990,16,0,0,1005,4,3000,3000,1011,16,0,0,1012,16,0,0,1015,2,-42000,-42000,1031,16,0,0,1037,136,0,0,1038,16,0,0,1050,16,0,0,1052,0,-42000,-42000,1064,6,-42000,-42000,1067,0,-42000,-42000,1068,16,0,0,1073,16,0,0,1077,16,0,0,1082,4,0,0,1085,6,-42000,-42000,1090,16,0,0,1091,16,0,0,1094,16,0,0,1104,16,0,0,1105,16,0,0,1106,16,0,0,1117,12,0,0,1118,12,0,0,1119,0,-42000,-42000,1124,0,-42000,-42000,1126,0,0,0,','6603,0,0,48996,0,0,75,0,0,11027,0,0,34109,0,0,24199,0,0,10689,0,0,5,0,0,26134,0,0,40381,0,0,28524,0,0,31364,128,1,0,0,0,0,0,0,0,0,0,0,0,0,0,0,0,0,0,0,0,0,0,0,0,0,0,0,0,0,0,0,0,0,0,0,0,0,0,0,0,0,0,0,0,0,0,0,0,0,0,0,0,0,0,0,0,0,0,0,0,0,0,0,0,0,0,0,0,0,0,0,0,0,0,0,0,0,0,0,0,0,0,0,0,0,0,0,0,0,0,0,0,0,0,0,0,0,0,0,0,0,0,0,0,0,0,0,0,0,0,0,0,0,0,0,0,0,0,0,0,0,0,0,0,0,0,0,0,0,0,0,0,0,0,0,0,0,0,0,0,0,0,0,0,0,0,0,0,0,0,0,0,0,0,0,0,0,0,0,0,0,0,0,0,0,0,0,0,0,0,0,0,0,0,0,0,0,0,0,0,0,6603,0,0,48996,0,0,75,0,0,28880,0,0,0,0,0,0,0,0,0,0,0,0,0,0,0,0,0,0,0,0,159,0,128,4540,0,128,0,0,0,0,0,0,0,0,0,0,0,0,0,0,0,0,0,0,0,0,0,0,0,0,0,0,0,0,0,0,0,0,0,0,0,0,0,0,0,0,0,0,0,0,0,0,0,0,0,0,0,0,0,0,0,0,0,0,0,0,0,0,0,0,0,0,0,0,0,0,0,0,0,0,0,0,0,0,0,0,0,0,0,0,0,0,0,0,0,0,0,0,0,0,0,0,0,0,0,0,0,0,0,0,0,0,0,0,','','','',7143553,0,0,0,0,0,0,0,'0,0,0,0,0,0,0,0,'),
	(8,1,'Btbg',1,2,0,0,200,0,'0,0,0,0,0,0,0,0,0,0,0,0,0,0,0,0,0,0,0,0,0,8,0,0,0,0,0,0,0,0,0,0,0,0,0,0,0,0,0,0,0,0,0,0,0,0,0,0,0,0,0,0,0,0,0,0,0,0,0,0,0,0,0,0,0,0,0,0,0,0,0,0,0,0,0,0,0,0,0,0,0,0,0,0,0,0,0,0,0,0,0,0,0,0,0,0,0,0,0,0,0,0,0,0,0,0,0,0,0,0,0,0,0,0,0,0,0,0,0,0,0,0,0,0,0,0,0,0,','44;1;450;54;1;450;95;1;450;160;1;450;162;1;450;172;1;450;183;1;1;184;1;1;267;1;1;413;1;1;414;1;1;415;1;1;433;1;1;594;1;1;754;5;5;777;1;1;',4008636142,0,'0',0,1000000,0,2,191,57551,39802,0,101384710,33554433,262144,8,'16242.3','16260.7','16.2397','2.15514',1,876,'2 0 0 0 0 0 0 0 0 0 0 0 ',0,'',1241297503,0,'16222.6','16265.9','14.2085',1,12,0,2,0,'884 884 176 ',0,0,0,0,0,0,121,0,'0','0','0','0',0,0,0,0,0,'0','0','0','81,107,196,197,198,199,203,204,465,498,522,633,635,639,642,643,647,668,669,670,671,672,813,853,879,1022,1026,1032,1038,1042,1044,1152,2382,2479,2800,2812,3050,3365,3472,4987,5502,5588,5589,5599,5614,5615,6233,6246,6247,6477,6478,6603,6940,7266,7267,7294,7328,7341,7355,8386,8737,9077,9078,9116,9125,10278,10290,10291,10292,10293,10298,10299,10300,10301,10308,10310,10312,10313,10314,10318,10322,10324,10326,10328,10329,13819,17737,19740,19742,19746,19750,19752,19834,19835,19836,19837,19838,19850,19852,19853,19854,19876,19888,19891,19895,19896,19897,19898,19899,19900,19939,19940,19941,19942,19943,20116,20164,20165,20166,20271,20597,20598,20599,20600,20772,20773,20864,20922,20923,20924,21084,21651,21652,22027,22810,23214,24239,24274,24275,25290,25291,25292,25780,25782,25894,25898,25899,25916,25918,26573,27135,27136,27137,27138,27139,27140,27141,27142,27143,27149,27150,27151,27152,27153,27154,27173,27180,27762,29932,31785,31789,31801,31884,31892,32223,33776,34767,34769,48781,48782,48784,48785,48788,48800,48801,48805,48806,48816,48817,48818,48819,48931,48932,48933,48934,48935,48936,48937,48938,48941,48942,48943,48945,48947,48949,48950,53407,53408,53600,53601,53651,53720,53736,54043,54428,61411,62124,','','21,0,500,500,46,4,0,0,47,17,3100,3100,54,17,3100,3100,59,16,0,0,67,14,-42000,-42000,68,6,-42000,-42000,69,17,3100,3100,70,2,-10000,-10000,72,17,4000,4000,76,6,-42000,-42000,81,6,-42000,-42000,83,4,2999,2999,86,4,2999,2999,87,2,-6500,-6500,92,2,2000,2000,93,2,2000,2000,169,12,500,500,270,16,0,0,289,4,0,0,349,0,0,0,369,0,500,500,469,25,3300,3300,470,0,500,500,471,20,150,150,509,16,0,0,510,2,-42000,-42000,529,0,200,200,530,6,-42000,-42000,549,4,2999,2999,550,4,2999,2999,551,4,2999,2999,569,4,0,0,570,4,0,0,571,4,0,0,574,4,0,0,576,2,-3500,-3500,577,0,500,500,589,0,0,0,609,0,0,0,729,2,-42000,-42000,730,16,0,0,749,0,0,0,809,16,0,0,889,6,-42000,-42000,890,16,0,0,891,24,0,0,892,14,-42000,-42000,909,16,0,0,910,0,-42000,-42000,911,6,-42000,-42000,922,6,-42000,-42000,930,17,3000,3000,932,80,0,0,933,16,0,0,934,80,0,0,935,16,0,0,936,28,0,0,941,6,-42000,-42000,942,16,0,0,946,16,0,0,947,0,-42000,-42000,948,8,0,0,949,24,0,0,952,0,0,0,967,16,0,0,970,0,-2500,-2500,978,16,-1200,-1200,989,16,0,0,990,16,0,0,1005,4,3000,3000,1011,16,0,0,1012,16,0,0,1015,2,-42000,-42000,1031,16,0,0,1037,136,0,0,1038,16,0,0,1050,16,0,0,1052,0,-42000,-42000,1064,6,-42000,-42000,1067,0,-42000,-42000,1068,16,0,0,1073,16,0,0,1077,16,0,0,1082,4,0,0,1085,6,-42000,-42000,1090,16,0,0,1091,16,0,0,1094,16,0,0,1104,16,0,0,1105,16,0,0,1106,16,0,0,1117,12,0,0,1118,12,0,0,1119,0,-42000,-42000,1124,0,-42000,-42000,1126,0,0,0,','6603,0,0,21084,0,0,48782,0,0,20594,0,0,2481,0,0,0,0,0,0,0,0,0,0,0,0,0,0,0,0,0,159,0,128,4540,0,128,0,0,0,0,0,0,0,0,0,0,0,0,0,0,0,0,0,0,0,0,0,0,0,0,0,0,0,0,0,0,0,0,0,0,0,0,0,0,0,0,0,0,0,0,0,0,0,0,0,0,0,0,0,0,0,0,0,0,0,0,0,0,0,0,0,0,0,0,0,0,0,0,0,0,0,0,0,0,0,0,0,0,0,0,0,0,0,0,0,0,0,0,0,0,0,0,0,0,0,0,0,0,0,0,0,0,0,0,0,0,0,0,0,0,0,0,0,0,0,0,0,0,0,0,0,0,0,0,0,0,0,0,0,0,0,0,0,0,0,0,0,0,0,0,0,0,0,0,0,0,0,0,0,0,0,0,0,0,0,0,0,0,0,0,0,0,0,0,0,0,0,0,0,0,0,0,0,0,0,0,0,0,0,0,0,0,0,0,0,0,0,0,0,0,0,0,0,0,0,0,0,0,0,0,0,0,0,0,0,0,0,0,0,4540,0,128,0,0,0,0,0,0,0,0,0,0,0,0,0,0,0,0,0,0,0,0,0,0,0,0,0,0,0,0,0,0,0,0,0,0,0,0,0,0,0,0,0,0,0,0,0,0,0,0,0,0,0,0,0,0,0,0,0,0,0,0,0,0,0,0,0,0,0,0,0,0,0,0,0,0,0,0,0,0,0,0,0,0,0,0,0,0,0,0,0,0,0,0,0,0,0,0,0,0,0,0,0,0,0,0,0,0,0,0,','','','',7143545,0,0,0,0,0,0,0,'0,0,0,0,0,0,0,0,'),
	(17,5,'Snake',1,4,0,0,200,0,'0,0,0,1073741824,0,0,0,0,0,0,0,0,0,0,0,0,0,0,0,0,0,65544,4,0,0,0,0,0,0,2,2048,0,0,0,0,0,0,0,0,0,0,0,0,0,0,0,0,0,0,0,0,0,0,0,0,0,0,0,0,0,0,0,0,0,0,0,0,0,0,0,0,0,0,0,0,0,0,0,0,0,0,0,0,0,0,0,0,0,0,0,0,0,0,0,0,0,0,0,0,0,0,0,0,0,0,0,0,0,0,0,0,0,0,0,0,0,0,0,0,0,0,0,0,0,0,0,0,0,','38;1;1;39;1;1;95;248;450;162;1;450;173;1;450;176;1;450;183;1;1;253;1;1;414;1;1;415;1;1;633;1;450;754;5;5;',4008636142,0,'0',0,888827,0,2,191,47103,0,0,151848196,33554439,262144,8,'16259.6','16258.3','19.3152','3.69216',1,876,'2 0 0 0 0 0 0 0 0 0 0 0 ',0,'',1241300377,0,'16222.6','16265.9','14.2085',1,12,0,2,0,'4361 4361 79 ',0,0,0,0,0,0,121,0,'0','0','0','0',0,0,0,0,0,'0','0','0','53,81,203,204,408,522,668,669,670,671,672,703,813,921,1180,1725,1752,1757,1758,1759,1760,1766,1776,1784,1785,1786,1787,1804,1833,1842,1856,1857,1860,1943,1966,2070,2094,2098,2382,2479,2567,2589,2590,2591,2764,2836,2983,3050,3365,5171,5277,5938,6233,6246,6247,6477,6478,6603,6760,6761,6762,6768,6770,6774,7266,7267,7341,7355,8386,8621,8623,8624,8631,8632,8633,8637,8639,8640,8643,8647,8649,8650,8676,8696,8721,88725,9077,9078,9125,11197,11198,11267,11268,11269,11273,11274,11275,11279,11280,11281,11289,11290,11293,11294,11297,11299,11300,11303,11305,16092,17347,17348,17737,20597,20598,20599,20600,20864,21184,21651,21652,22027,22810,25300,25302,26669,26679,26839,26861,26862,26863,26864,26865,26866,26867,26884,26889,27441,27448,29932,31016,31224,32645,32684,48637,48638,48656,48657,48658,48659,48660,48667,48668,48669,48671,48672,48673,48674,48675,48676,48689,48690,48691,51722,51723,5157934,57992,57993,','','21,0,500,500,46,4,0,0,47,17,3100,3100,54,17,3100,3100,59,16,0,0,67,14,-42000,-42000,68,6,-42000,-42000,69,17,3100,3100,70,2,-10000,-10000,72,17,4000,4000,76,6,-42000,-42000,81,6,-42000,-42000,83,4,2999,2999,86,4,2999,2999,87,2,-6500,-6500,92,2,2000,2000,93,2,2000,2000,169,12,500,500,270,16,0,0,289,4,0,0,349,0,0,0,369,0,500,500,469,25,3300,3300,470,0,500,500,471,20,150,150,509,16,0,0,510,2,-42000,-42000,529,0,200,200,530,6,-42000,-42000,549,4,2999,2999,550,4,2999,2999,551,4,2999,2999,569,4,0,0,570,4,0,0,571,4,0,0,574,4,0,0,576,2,-3500,-3500,577,0,500,500,589,0,0,0,609,0,0,0,729,2,-42000,-42000,730,16,0,0,749,0,0,0,809,16,0,0,889,6,-42000,-42000,890,16,0,0,891,24,0,0,892,14,-42000,-42000,909,16,0,0,910,0,-42000,-42000,911,6,-42000,-42000,922,6,-42000,-42000,930,17,3000,3000,932,80,0,0,933,16,0,0,934,80,0,0,935,17,0,0,936,28,0,0,941,6,-42000,-42000,942,16,0,0,946,16,0,0,947,0,-42000,-42000,948,8,0,0,949,24,0,0,952,0,0,0,967,16,0,0,970,0,-2500,-2500,978,16,-1200,-1200,989,16,0,0,990,16,0,0,1005,4,3000,3000,1011,16,0,0,1012,16,0,0,1015,2,-42000,-42000,1031,16,0,0,1037,136,0,0,1038,16,0,0,1050,16,0,0,1052,0,-42000,-42000,1064,6,-42000,-42000,1067,0,-42000,-42000,1068,16,0,0,1073,16,0,0,1077,16,0,0,1082,4,0,0,1085,6,-42000,-42000,1090,16,0,0,1091,16,0,0,1094,16,0,0,1104,16,0,0,1105,16,0,0,1106,16,0,0,1117,12,0,0,1118,12,0,0,1119,0,-42000,-42000,1124,0,-42000,-42000,1126,0,0,0,','6603,0,0,48638,0,0,48668,0,0,2764,0,0,20577,0,0,2481,0,0,0,0,0,0,0,0,0,0,0,0,0,0,0,0,0,20857,0,128,0,0,0,0,0,0,0,0,0,0,0,0,0,0,0,0,0,0,0,0,0,0,0,0,0,0,0,0,0,0,0,0,0,0,0,0,0,0,0,0,0,0,0,0,0,0,0,0,0,0,0,0,0,0,0,0,0,0,0,0,0,0,0,0,0,0,0,0,0,0,0,0,0,0,0,0,0,0,0,0,0,0,0,0,0,0,0,0,0,0,0,0,0,0,0,0,0,0,0,0,0,0,0,0,0,0,0,0,0,0,0,0,0,0,0,0,0,0,0,0,0,0,0,0,0,0,0,0,0,0,0,0,0,0,0,0,0,0,0,0,0,0,0,0,0,0,0,0,0,0,0,0,0,0,0,0,0,0,0,0,0,0,0,0,0,0,0,0,0,0,0,0,0,0,0,0,0,0,0,0,0,0,0,0,0,0,0,0,0,0,0,0,0,0,0,0,0,0,0,0,0,0,0,0,0,0,0,0,0,0,0,0,0,0,0,0,0,0,0,0,0,0,0,0,0,0,0,0,0,0,0,0,0,0,0,0,0,0,0,0,0,0,0,0,0,0,0,0,0,0,0,0,0,0,0,0,0,0,0,0,0,0,0,0,0,0,0,0,0,0,0,0,0,0,0,0,0,0,0,0,0,0,0,0,0,0,0,0,0,0,0,0,0,0,0,0,0,0,0,0,0,0,0,0,0,0,0,0,0,0,0,0,0,0,0,0,0,0,0,0,0,0,0,0,','','','',7143545,0,0,0,0,0,0,0,'0,0,0,0,0,0,0,0,'),
	(15,3,'Roza',11,2,1,0,80,0,'0,0,0,0,0,0,0,0,0,0,0,0,0,0,0,0,0,0,0,0,0,8,0,0,0,0,0,0,0,0,0,0,0,0,0,0,0,0,0,0,0,0,0,0,0,0,0,0,0,0,0,0,0,0,0,0,0,0,0,0,0,0,0,0,0,0,0,0,0,0,0,0,0,0,0,0,0,0,0,0,0,0,0,0,0,0,0,0,0,0,0,0,0,0,0,0,0,0,0,0,0,0,0,0,0,0,0,0,0,0,0,0,0,0,0,0,0,0,0,0,0,0,0,0,0,0,0,0,','43;1;400;44;1;400;54;1;400;55;1;400;95;1;400;142;1;1;160;1;400;162;1;400;172;1;400;183;1;1;184;1;1;267;1;1;413;1;1;414;1;1;415;1;1;433;1;1;594;1;1;760;5;5;769;1;1;',4008636142,0,'0',0,1000000,0,2,71,8151,567,0,101189120,33554432,262144,8,'16228.1','16265.3','13.2721','2.78345',1,876,'0 0 536870912 0 0 0 0 0 0 0 0 0 ',0,'',1241295606,0,'16222.6','16265.9','14.2085',1,3524,0,2,0,'184 184 184 ',0,0,0,0,0,0,121,0,'0','0','0','0',0,0,0,0,0,'0','0','0','81,107,198,199,203,204,522,635,668,669,670,671,672,813,2382,2479,3050,3365,6233,6246,6247,6477,6478,6562,6603,7266,7267,7341,7355,8386,8737,9077,9078,9116,9125,17737,20579,21084,21651,21652,22027,22810,27762,28875,28880,29932,','','21,0,500,500,46,4,0,0,47,17,3100,3100,54,17,3100,3100,59,16,0,0,67,14,-42000,-42000,68,6,-42000,-42000,69,17,3100,3100,70,2,-10000,-10000,72,17,3100,3100,76,6,-42000,-42000,81,6,-42000,-42000,83,4,2999,2999,86,4,2999,2999,87,2,-6500,-6500,92,2,2000,2000,93,2,2000,2000,169,12,500,500,270,16,0,0,289,4,0,0,349,0,0,0,369,0,500,500,469,25,3300,3300,470,0,500,500,471,20,150,150,509,16,0,0,510,2,-42000,-42000,529,0,200,200,530,6,-42000,-42000,549,4,2999,2999,550,4,2999,2999,551,4,2999,2999,569,4,0,0,570,4,0,0,571,4,0,0,574,4,0,0,576,2,-3500,-3500,577,0,500,500,589,0,0,0,609,0,0,0,729,2,-42000,-42000,730,16,0,0,749,0,0,0,809,16,0,0,889,6,-42000,-42000,890,16,0,0,891,24,0,0,909,16,0,0,910,0,-42000,-42000,911,6,-42000,-42000,922,6,-42000,-42000,930,17,4000,4000,932,80,3500,3500,933,16,0,0,934,80,-3500,-3500,935,16,0,0,936,28,0,0,941,6,-42000,-42000,942,16,0,0,946,16,0,0,947,0,-42000,-42000,948,8,0,0,949,24,0,0,952,0,0,0,967,16,0,0,970,0,-2500,-2500,978,16,-1200,-1200,989,16,0,0,990,16,0,0,1005,4,3000,3000,1011,16,0,0,1012,16,0,0,1015,2,-42000,-42000,1031,16,0,0,1037,136,0,0,1038,16,0,0,1050,16,0,0,1052,0,-42000,-42000,1064,6,-42000,-42000,1067,0,-42000,-42000,1068,16,0,0,1073,16,0,0,1077,16,0,0,1082,4,0,0,1085,6,-42000,-42000,1090,16,0,0,1091,16,0,0,1094,16,0,0,1104,16,0,0,1105,16,0,0,1106,16,0,0,1117,12,0,0,1118,12,0,0,1119,0,-42000,-42000,1124,0,-42000,-42000,1126,0,0,0,','6603,0,0,21084,0,0,635,0,0,20594,0,0,2481,0,0,0,0,0,0,0,0,0,0,0,0,0,0,0,0,0,159,0,128,4540,0,128,0,0,0,0,0,0,0,0,0,0,0,0,0,0,0,0,0,0,0,0,0,0,0,0,0,0,0,0,0,0,0,0,0,0,0,0,0,0,0,0,0,0,0,0,0,0,0,0,0,0,0,0,0,0,0,0,0,0,0,0,0,0,0,0,0,0,0,0,0,0,0,0,0,0,0,0,0,0,0,0,0,0,0,0,0,0,0,0,0,0,0,0,0,0,0,0,0,0,0,0,0,0,0,0,0,0,0,0,0,0,0,0,0,0,0,0,0,0,0,0,0,0,0,0,0,0,0,0,0,0,0,0,0,0,0,0,0,0,0,0,0,0,0,0,0,0,0,0,0,0,0,0,0,0,0,0,0,0,0,0,0,0,0,0,0,0,0,0,0,0,0,0,0,0,0,0,0,0,0,0,0,0,0,0,0,0,0,0,0,0,0,0,0,0,0,0,0,0,0,0,0,0,0,0,0,0,0,0,0,0,0,0,0,4540,0,128,0,0,0,0,0,0,0,0,0,0,0,0,0,0,0,0,0,0,0,0,0,0,0,0,0,0,0,0,0,0,0,0,0,0,0,0,0,0,0,0,0,0,0,0,0,0,0,0,0,0,0,0,0,0,0,0,0,0,0,0,0,0,0,0,0,0,0,0,0,0,0,0,0,0,0,0,0,0,0,0,0,0,0,0,0,0,0,0,0,0,0,0,0,0,0,0,0,0,0,0,0,0,0,0,0,0,0,0,','','','',7143545,0,0,0,0,0,0,0,'0,0,0,0,0,0,0,0,'),
	(16,3,'Roze',11,6,1,0,200,0,'0,2,0,1075314688,0,32,0,0,0,0,0,0,0,0,0,0,128,0,0,0,0,8,4,0,0,0,0,536870912,0,8388608,0,0,0,536870912,0,0,0,0,0,0,0,0,0,0,0,0,0,0,0,0,229376,36,136430592,2,0,32,0,0,0,0,8,0,4,0,0,0,0,0,0,0,0,0,131072,0,0,0,0,0,0,0,0,0,0,0,0,0,0,0,0,0,0,0,0,0,0,0,0,0,0,0,0,0,0,0,0,0,0,0,0,0,0,0,0,0,0,0,0,0,0,0,0,0,0,0,0,0,0,0,','43;450;450;44;450;450;45;450;450;50;1;1;55;450;450;95;450;450;118;450;450;129;300;300;162;450;450;163;1;1;172;450;450;183;1;1;229;450;450;256;1;1;264;1;1;293;1;1;413;1;1;414;1;1;415;1;1;573;1;1;760;275;275;762;300;300;769;1;1;770;1;1;771;1;1;772;1;1;776;1;1;777;1;1;',4008636142,0,'0',0,1000005,0,2,191,26578,0,0,101191685,33554432,263168,983048,'-9148.5','-222.361','8.87777','6.19533',1,1377,'0 0 536870912 0 0 0 0 0 0 0 0 0 ',0,'',1241309011,0,'16222.6','16265.9','14.2085',1,4298,0,2,23248,'5359 5359 0 ',0,0,0,0,0,0,121,0,'0','0','0','0',0,0,0,0,0,'0','0','0','5,75,81,196,197,200,201,202,203,204,522,668,669,670,671,672,674,750,813,883,982,1515,1843,2382,2479,2641,3045,3050,3127,3275,3276,3277,3278,3365,3714,6233,6246,6247,6477,6478,6603,6991,7266,7267,7341,7355,7904,7928,7929,7934,8386,8737,9077,9078,9125,10840,10841,10846,13541,17737,18629,18630,20599,21651,21652,22027,22810,25840,28875,28878,29932,33232,33388,33391,34090,34091,35354,37897,42650,43265,43430,45462,45463,45477,45524,45529,45902,45903,45927,46584,46917,47476,47528,47541,47568,48263,48265,48266,48707,48721,48743,48778,48792,48990,49020,49045,49142,49152,49410,49576,49892,49893,49894,49895,49896,49903,49904,49909,49913,49914,49915,49916,49917,49918,49919,49920,49921,49923,49924,49926,49927,49928,49929,49930,49936,49937,49938,49939,49940,49941,49998,49999,50483,50842,50977,51325,51326,51327,51328,51423,51424,51425,51426,51427,51428,51429,52375,52665,53323,53331,53341,53342,53343,53344,53428,54197,54446,54447,55265,55270,55271,56222,56815,57330,57623,59541,59548,59879,59921,61437,61455,61999,62158,','','21,0,500,500,46,4,0,0,47,17,3100,3100,54,17,3100,3100,59,16,0,0,67,14,-42000,-42000,68,6,-42000,-42000,69,17,3100,3100,70,2,-10000,-10000,72,17,3100,3100,76,6,-42000,-42000,81,6,-42000,-42000,83,4,2999,2999,86,4,2999,2999,87,2,-6500,-6500,92,2,2000,2000,93,2,2000,2000,169,12,500,500,270,16,0,0,289,4,0,0,349,0,0,0,369,0,500,500,469,25,3300,3300,470,0,500,500,471,20,150,150,509,16,0,0,510,2,-42000,-42000,529,0,200,200,530,6,-42000,-42000,549,4,2999,2999,550,4,2999,2999,551,4,2999,2999,569,4,0,0,570,4,0,0,571,4,0,0,574,4,0,0,576,2,-3500,-3500,577,0,500,500,589,0,0,0,609,0,0,0,729,2,-42000,-42000,730,16,0,0,749,0,0,0,809,16,0,0,889,6,-42000,-42000,890,16,0,0,891,24,0,0,909,16,0,0,910,0,-42000,-42000,911,6,-42000,-42000,922,6,-42000,-42000,930,17,4000,4000,932,80,3500,3500,933,16,0,0,934,80,-3500,-3500,935,17,0,0,936,28,0,0,941,6,-42000,-42000,942,16,0,0,946,16,0,0,947,0,-42000,-42000,948,8,0,0,949,24,0,0,952,0,0,0,967,17,0,2950,970,0,-2500,-2500,978,16,-1200,-1200,989,16,0,0,990,16,0,0,1011,16,0,0,1012,16,0,0,1015,2,-42000,-42000,1031,16,0,0,1037,136,0,0,1038,16,0,0,1050,16,0,0,1052,0,-42000,-42000,1064,6,-42000,-42000,1067,0,-42000,-42000,1068,16,0,0,1073,16,0,0,1077,16,0,0,1082,4,0,0,1085,6,-42000,-42000,1090,16,0,0,1091,16,0,0,1094,16,0,0,1104,16,0,0,1105,16,0,0,1106,16,0,0,1117,12,0,0,1118,12,0,0,1119,0,-42000,-42000,1124,0,-42000,-42000,1126,0,0,0,','6603,0,0,49576,0,0,49909,0,0,49921,0,0,49930,0,0,49895,0,0,0,0,0,0,0,0,0,0,0,43430,0,0,7,64,0,25840,0,0,0,0,0,0,0,0,0,0,0,0,0,0,0,0,0,0,0,0,0,0,0,0,0,0,0,0,0,0,0,0,0,0,0,0,0,0,0,0,0,0,0,0,0,0,0,0,0,0,0,0,0,0,0,0,0,0,0,0,0,0,0,0,0,0,0,0,0,0,0,0,0,0,0,0,0,0,0,0,0,0,0,0,0,0,0,0,0,0,0,0,0,0,0,0,0,0,0,0,0,0,0,0,0,0,0,0,0,0,7904,0,0,0,0,0,0,0,0,0,0,0,0,0,0,10,64,0,0,0,0,0,0,0,0,0,0,0,0,0,0,0,0,0,0,0,75,0,0,49045,0,0,3045,0,0,5,0,0,33232,0,0,35354,0,0,8,64,0,9,64,0,0,0,0,6991,0,0,48990,0,0,982,0,0,0,0,0,0,0,0,0,0,0,0,0,0,0,0,0,0,0,0,0,0,0,0,0,0,0,0,0,0,0,0,0,0,0,0,0,0,0,0,0,0,0,0,0,0,0,0,0,0,0,0,0,0,0,0,0,0,0,0,0,0,0,0,0,0,0,0,0,0,0,0,0,0,0,0,0,0,0,0,0,0,0,0,0,0,0,0,0,0,0,0,0,0,0,0,0,0,0,0,0,0,0,0,0,0,0,0,0,0,0,0,0,0,0,0,0,0,0,0,0,0,0,0,0,0,0,0,0,0,0,0,0,0,0,0,0,0,0,0,0,0,0,0,0,0,','','','',7143545,0,0,0,0,0,0,0,'0,0,0,0,0,0,0,0,'),
	(18,12,'Goat',1,2,0,0,200,600,'0,0,131072,1619001344,16777224,524288,0,128,32768,0,0,4194304,0,0,0,0,268435588,1,32768,1024,0,65544,12,0,268435456,0,0,1024,0,8388610,34816,0,0,537395200,0,0,0,0,0,0,0,0,0,0,0,0,0,0,0,68157440,196608,544,0,0,0,32,0,0,0,0,0,0,0,0,0,0,0,0,512,0,0,0,131072,0,0,0,0,0,0,0,0,0,0,0,0,0,0,0,0,0,0,0,0,0,0,0,0,0,0,0,0,0,0,0,0,0,0,0,0,0,0,0,0,0,0,0,0,0,0,0,0,0,0,0,0,0,0,0,','43;450;450;44;450;450;45;450;450;46;401;450;50;1;1;54;450;450;55;403;450;95;431;450;136;450;450;160;450;450;162;404;450;164;1;75;172;450;450;173;450;450;176;401;450;183;1;1;184;1;1;226;401;450;228;450;450;229;401;450;237;1;1;256;1;1;267;1;1;293;1;1;413;1;1;414;1;1;415;1;1;433;1;1;473;401;450;573;1;1;594;1;1;754;5;5;762;300;300;769;1;1;772;1;1;777;1;1;',4008636142,0,'0',0,1093576100,0,1,191,51661,41152,0,84608261,33554438,262144,196616,'16279.5','15798.7','-1.87456','5.50617',1,876,'4294967295 4294967295 4294967295 4294967295 4294967295 4294967295 4294967295 4294967295 4294967295 4294967295 4294967295 4294967295 ',0,'',1241386683,0,'-8949.95','-132.493','83.5312',0,12,0,2,0,'23773 23932 37 ',0,0,0,0,0,0,205,0,'-11112.9','-2005.89','49.3307','3.75184',122,0,0,0,0,'0','0','0','1,5,7,11,81,107,196,197,198,199,203,204,260,265,465,498,512,522,633,635,639,642,643,647,668,669,670,671,672,747,813,853,879,1022,1026,1032,1038,1042,1044,1152,1302,1515,1908,2382,2479,2583,2602,2800,2812,3050,3365,3472,4987,5502,5588,5589,5599,5614,5615,6061,6233,6246,6247,6477,6478,6603,6940,7033,7266,7267,7294,7328,7341,7355,8221,8223,8225,8386,8737,8874,8985,9077,9078,9116,9125,9454,10032,10278,10290,10291,10292,10293,10298,10299,10300,10301,10308,10310,10312,10313,10314,10318,10322,10324,10326,10328,10329,10689,10987,11027,12854,13481,13541,13819,15007,15636,16785,17151,17178,17235,17737,18209,19740,19742,19746,19750,19752,19834,19835,19836,19837,19838,19850,19852,19853,19854,19876,19888,19891,19895,19896,19897,19898,19899,19900,19939,19940,19941,19942,19943,20116,20164,20165,20166,20271,20597,20598,20599,20600,20772,20773,20864,20922,20923,20924,21084,21651,21652,21737,22027,22093,22810,22865,22876,23189,23214,23452,23775,24169,24239,24274,24275,24312,24576,24843,24910,25033,25050,25260,25290,25291,25292,25322,25425,25462,25749,25772,25780,25782,25805,25812,25840,25894,25898,25899,25906,25916,25918,25947,26093,26126,26134,26139,26170,26339,26462,26463,26467,26470,26471,26476,26478,26480,26481,26546,26573,26659,26977,27135,27136,27137,27138,27139,27140,27141,27142,27143,27149,27150,27151,27152,27153,27154,27173,27180,27249,27254,27255,27258,27261,27589,27604,27741,27762,27819,28524,29879,29932,29973,30115,30129,30280,30383,30449,30522,30616,30878,30888,30890,30944,30971,31258,31785,31789,31801,31884,31892,31902,31972,31984,32223,32453,32686,32837,33129,33329,33339,33340,33341,33342,33388,33391,33535,33686,33719,33776,33804,33836,34068,34090,34091,34436,34767,34769,34922,35182,35298,35354,35846,35869,35874,35886,35912,35919,35941,36073,36220,36240,36356,37072,37098,37284,37383,37427,37675,37897,38010,38505,38538,38632,38688,38734,38759,38777,38917,39258,39594,39835,39921,40251,40303,40322,40327,40395,40585,40685,40827,40832,40859,40860,40861,40938,41034,41131,41276,41377,41410,41451,41596,41917,41937,41938,41965,42047,42048,42049,42051,43218,43430,46199,46564,46917,48781,48782,48784,48785,48788,48800,48801,48805,48806,48816,48817,48818,48819,48931,48932,48933,48934,48935,48936,48937,48938,48941,48942,48943,48945,48947,48949,48950,49152,50303,50483,51399,53407,53408,53600,53601,53651,53720,53736,54043,54197,54428,61411,62124,','','21,0,500,500,46,4,0,0,47,17,3100,3100,54,17,3100,3100,59,16,0,0,67,14,-42000,-42000,68,6,-42000,-42000,69,17,3100,3100,70,2,-10000,-10000,72,17,4000,4000,76,6,-42000,-42000,81,6,-42000,-42000,83,4,2999,2999,86,4,2999,2999,87,2,-6500,-6500,92,2,2000,2000,93,2,2000,2000,169,12,500,500,270,16,0,0,289,4,0,0,349,0,0,0,369,0,500,500,469,25,3300,3739,470,0,500,500,471,20,150,150,509,16,0,0,510,2,-42000,-42000,529,0,200,200,530,6,-42000,-42000,549,4,2999,2999,550,4,2999,2999,551,4,2999,2999,569,4,0,0,570,4,0,0,571,4,0,0,574,4,0,0,576,2,-3500,-3500,577,0,500,500,589,0,0,0,609,0,0,0,729,2,-42000,-42000,730,16,0,0,749,0,0,0,809,16,0,0,889,6,-42000,-42000,890,16,0,0,891,24,0,0,892,14,-42000,-42000,909,16,0,0,910,0,-42000,-42000,911,6,-42000,-42000,922,6,-42000,-42000,930,17,3000,3000,932,80,0,0,933,16,0,0,934,80,0,0,935,17,0,0,936,28,0,0,941,6,-42000,-42000,942,16,0,0,946,16,0,0,947,0,-42000,-42000,948,8,0,0,949,24,0,0,952,0,0,0,967,17,0,2950,970,0,-2500,-2500,978,16,-1200,-1200,989,16,0,0,990,16,0,0,1005,4,3000,3000,1011,16,0,0,1012,17,0,1644,1015,2,-42000,-42000,1031,16,0,0,1037,136,0,0,1038,16,0,0,1050,16,0,0,1052,0,-42000,-42000,1064,6,-42000,-42000,1067,0,-42000,-42000,1068,16,0,0,1073,16,0,0,1077,16,0,0,1082,4,0,0,1085,6,-42000,-42000,1090,16,0,0,1091,16,0,0,1094,16,0,0,1104,16,0,0,1105,16,0,0,1106,16,0,0,1117,12,0,0,1118,12,0,0,1119,0,-42000,-42000,1124,0,-42000,-42000,1126,0,0,0,','6603,0,0,21084,0,0,48782,0,0,8874,0,0,53720,0,0,35354,0,0,35941,0,0,37897,0,0,0,0,0,0,0,0,159,0,128,4540,0,128,0,0,0,0,0,0,0,0,0,0,0,0,0,0,0,0,0,0,0,0,0,0,0,0,0,0,0,0,0,0,0,0,0,0,0,0,0,0,0,0,0,0,0,0,0,0,0,0,0,0,0,0,0,0,0,0,0,0,0,0,0,0,0,0,0,0,0,0,0,0,0,0,0,0,0,0,0,0,0,0,0,0,0,0,0,0,0,0,0,0,0,0,0,0,0,0,0,0,0,0,0,0,0,0,0,0,0,0,1,64,0,0,0,0,0,0,0,0,0,0,0,0,0,0,0,0,0,0,0,0,0,0,0,0,0,0,0,0,0,0,0,0,0,0,8874,0,0,0,0,0,0,0,0,0,0,0,0,0,0,0,0,0,0,0,0,5,0,0,265,0,0,50303,0,0,24169,0,0,0,0,0,0,0,0,0,0,0,0,0,0,0,0,0,0,0,0,0,0,0,0,0,0,0,0,0,0,0,0,0,0,0,0,0,0,4540,0,128,0,0,0,0,0,0,0,0,0,0,0,0,0,0,0,0,0,0,0,0,0,0,0,0,0,0,0,0,0,0,0,0,0,0,0,0,0,0,0,0,0,0,0,0,0,0,0,0,0,0,0,0,0,0,0,0,0,0,0,0,0,0,0,0,0,0,0,0,0,0,0,0,0,0,0,0,0,0,0,0,0,0,0,0,0,0,0,0,0,0,0,0,0,0,0,0,0,0,0,0,0,0,0,0,0,0,0,0,','','','',7143546,0,0,0,0,0,0,0,'0,0,0,0,0,0,0,0,'),
	(19,13,'Mate',8,1,0,35,200,0,'0,0,33554432,0,0,0,0,0,0,0,0,0,0,0,0,0,738197508,0,0,0,0,8,0,0,262144,0,0,0,0,2,0,0,0,0,0,0,0,0,0,0,0,0,0,0,0,0,0,0,0,0,0,0,0,0,0,0,0,0,0,0,0,0,0,0,0,0,0,0,0,0,0,0,0,0,0,0,0,0,0,0,0,0,0,0,0,0,0,0,0,0,0,0,0,0,0,0,0,0,0,0,0,0,0,0,0,0,0,0,0,0,0,0,0,0,0,0,0,0,0,0,0,0,0,0,0,0,0,0,','26;1;1;43;300;450;44;450;450;45;300;450;46;300;450;54;300;450;55;300;450;95;450;450;136;300;450;160;300;450;162;450;450;172;300;450;173;450;450;176;450;450;183;1;1;226;300;450;228;300;450;229;302;450;256;1;1;257;1;1;293;1;300;413;1;1;414;1;1;415;1;1;433;1;1;473;300;450;733;5;5;',4008636142,0,'0',0,1001000000,0,2,191,1,0,0,84017665,33554442,262144,8,'-7514.5','-1474.45','-270.1','0.131154',1,490,'4194304 0 0 0 0 0 0 0 0 0 0 0 ',0,'',1241315994,0,'-618.518','-4251.67','38.718',1,14,0,2,0,'3971 3971 251 ',0,0,0,0,0,0,165,0,'0','0','0','0',0,0,0,0,0,'0','0','0','71,72,78,81,100,107,196,203,204,284,285,355,469,522,669,676,694,772,845,871,1160,1161,1180,1464,1608,1680,1715,1719,2048,2382,2457,2458,2479,2565,2567,2687,2764,3050,3365,3411,5242,5246,5301,5308,6178,6190,6192,6233,6246,6247,6343,6477,6478,6546,6547,6548,6552,6572,6574,6603,6673,7266,7267,7341,7355,7369,7379,7384,7386,7405,8198,8204,8205,8380,8386,8737,8820,9077,9078,9116,9125,11549,11550,11551,11554,11555,11556,11564,11565,11566,11567,11572,11573,11574,11578,11580,11581,11596,11597,11600,11601,11604,11605,11608,11609,12678,18499,20230,20252,20555,20557,20558,20569,20658,20660,20661,20662,21651,21652,22027,22810,23301,23849,23920,23923,23924,23925,25202,25203,25208,25225,25231,25234,25236,25241,25242,25258,25264,25269,25286,25288,25289,26290,26296,29707,30324,30356,30357,34428,46845,47436,47437,47439,47440,47449,47450,47465,47467,47470,47471,47474,47475,47487,47488,47501,47502,47519,47520,55694,57755,57823,61222,','','21,0,500,500,46,4,0,0,47,6,-42000,-42000,54,6,-42000,-42000,59,16,0,0,67,25,3500,3500,68,17,500,500,69,6,-42000,-42000,70,2,-10000,-10000,72,6,-42000,-42000,76,17,3100,3100,81,17,3100,3100,83,4,2999,2999,86,4,2999,2999,87,2,-6500,-6500,92,2,2000,2000,93,2,2000,2000,169,12,500,500,270,16,0,0,289,4,0,0,349,0,0,0,369,0,500,500,469,14,-42000,-42000,470,0,500,500,471,22,-42000,-42000,509,2,-42000,-42000,510,16,0,0,529,0,200,200,530,17,4000,4000,549,4,2999,2999,550,4,2999,2999,551,4,2999,2999,569,4,0,0,570,4,0,0,571,4,0,0,574,4,0,0,576,2,-3500,-3500,577,0,500,500,589,6,-42000,-42000,609,0,0,0,729,16,0,0,730,2,-42000,-42000,749,0,0,0,809,16,0,0,889,16,0,0,890,6,-42000,-42000,891,14,-42000,-42000,892,24,0,0,909,16,0,0,910,0,-42000,-42000,911,17,400,400,922,16,0,0,930,6,-42000,-42000,932,80,0,0,933,16,0,0,934,80,0,0,935,16,0,0,936,28,0,0,941,16,-500,-500,942,16,0,0,946,0,-42000,-42000,947,16,0,0,948,8,0,0,949,24,0,0,952,0,0,0,967,16,0,0,970,0,-2500,-2500,978,0,-42000,-42000,989,16,0,0,990,16,0,0,1005,4,3000,3000,1011,16,0,0,1012,16,0,0,1015,2,-42000,-42000,1031,16,0,0,1037,6,0,0,1038,16,0,0,1050,6,-42000,-42000,1052,144,0,0,1064,16,0,0,1067,16,0,0,1068,6,-42000,-42000,1073,16,0,0,1077,16,0,0,1082,2,-42000,-42000,1085,16,0,0,1090,16,0,0,1091,16,0,0,1094,6,-42000,-42000,1104,16,0,0,1105,16,0,0,1106,16,0,0,1117,12,0,0,1118,12,0,0,1119,0,-42000,-42000,1124,0,0,0,1126,0,-42000,-42000,','0,0,0,0,0,0,0,0,0,0,0,0,0,0,0,0,0,0,0,0,0,0,0,0,0,0,0,0,0,0,0,0,0,0,0,0,0,0,0,0,0,0,0,0,0,0,0,0,0,0,0,0,0,0,0,0,0,0,0,0,0,0,0,0,0,0,0,0,0,0,0,0,0,0,0,0,0,0,0,0,0,0,0,0,0,0,0,0,0,0,0,0,0,0,0,0,0,0,0,0,0,0,0,0,0,0,0,0,0,0,0,0,0,0,0,0,0,0,0,0,0,0,0,0,0,0,0,0,0,0,0,0,0,0,0,0,0,0,0,0,0,0,0,0,0,0,0,0,0,0,0,0,0,0,0,0,0,0,0,0,0,0,0,0,0,0,0,0,0,0,0,0,0,0,0,0,0,0,0,0,0,0,0,0,0,0,0,0,0,0,0,0,0,0,0,0,0,0,0,0,0,0,0,0,0,0,0,0,0,0,0,0,0,0,0,0,6603,0,0,47450,0,0,20577,0,0,2481,0,0,0,0,0,0,0,0,0,0,0,0,0,0,0,0,0,0,0,0,0,0,0,117,0,128,6603,0,0,0,0,0,0,0,0,0,0,0,0,0,0,0,0,0,0,0,0,0,0,0,0,0,0,0,0,0,0,0,0,0,0,0,6603,0,0,0,0,0,0,0,0,0,0,0,0,0,0,0,0,0,0,0,0,0,0,0,0,0,0,0,0,0,0,0,0,0,0,0,6603,0,0,0,0,0,0,0,0,0,0,0,0,0,0,0,0,0,0,0,0,0,0,0,0,0,0,0,0,0,0,0,0,0,0,0,','','','',7143545,0,0,0,0,0,0,0,'0,0,0,0,0,0,0,0,');
UNLOCK TABLES;

--
-- Dump of logon.charters
-- Dump DATE : 05.16.09 16:34:31
--

-- EMPTY

--
-- Dump of logon.command_overrides
-- Dump DATE : 05.16.09 16:34:31
--

-- EMPTY

--
-- Dump of logon.corpses
-- Dump DATE : 05.16.09 16:34:31
--

-- EMPTY

--
-- Dump of logon.gm_tickets
-- Dump DATE : 05.16.09 16:34:31
--

-- EMPTY

--
-- Dump of logon.groups
-- Dump DATE : 05.16.09 16:34:31
--

-- Dumping data for table logon.groups
LOCK TABLES groups WRITE;
DELETE FROM groups;
INSERT INTO groups (`group_id`,`group_type`,`subgroup_count`,`loot_method`,`loot_threshold`,`difficulty`,`assistant_leader`,`main_tank`,`main_assist`,`group1member1`,`group1member2`,`group1member3`,`group1member4`,`group1member5`,`group2member1`,`group2member2`,`group2member3`,`group2member4`,`group2member5`,`group3member1`,`group3member2`,`group3member3`,`group3member4`,`group3member5`,`group4member1`,`group4member2`,`group4member3`,`group4member4`,`group4member5`,`group5member1`,`group5member2`,`group5member3`,`group5member4`,`group5member5`,`group6member1`,`group6member2`,`group6member3`,`group6member4`,`group6member5`,`group7member1`,`group7member2`,`group7member3`,`group7member4`,`group7member5`,`group8member1`,`group8member2`,`group8member3`,`group8member4`,`group8member5`,`timestamp`,`instanceids`) VALUES 
	(2,1,8,3,2,0,0,0,0,8,33,0,0,0,0,0,0,0,0,0,0,0,0,0,0,0,0,0,0,0,0,0,0,0,0,0,0,0,0,0,0,0,0,0,0,0,0,0,0,1229743643,'533:0:157 '),
	(4,0,1,3,2,0,0,0,0,12,17,0,0,0,0,0,0,0,0,0,0,0,0,0,0,0,0,0,0,0,0,0,0,0,0,0,0,0,0,0,0,0,0,0,0,0,0,0,0,1241301633,''),
	(6,1,8,0,2,0,0,0,0,18,19,0,0,0,0,0,0,0,0,0,0,0,0,0,0,0,0,0,0,0,0,0,0,0,0,0,0,0,0,0,0,0,0,0,0,0,0,0,0,1241311848,'532:0:161 580:0:162 ');
UNLOCK TABLES;

--
-- Dump of logon.guild_bankitems
-- Dump DATE : 05.16.09 16:34:31
--

-- EMPTY

--
-- Dump of logon.guild_banklogs
-- Dump DATE : 05.16.09 16:34:31
--

-- EMPTY

--
-- Dump of logon.guild_banktabs
-- Dump DATE : 05.16.09 16:34:31
--

-- EMPTY

--
-- Dump of logon.guild_data
-- Dump DATE : 05.16.09 16:34:31
--

-- EMPTY

--
-- Dump of logon.guild_logs
-- Dump DATE : 05.16.09 16:34:31
--

-- EMPTY

--
-- Dump of logon.guild_ranks
-- Dump DATE : 05.16.09 16:34:31
--

-- EMPTY

--
-- Dump of logon.guilds
-- Dump DATE : 05.16.09 16:34:31
--

-- EMPTY

--
-- Dump of logon.instanceids
-- Dump DATE : 05.16.09 16:34:31
--

-- EMPTY

--
-- Dump of logon.instances
-- Dump DATE : 05.16.09 16:34:31
--

-- Dumping data for table logon.instances
LOCK TABLES instances WRITE;
DELETE FROM instances;
INSERT INTO instances (`id`,`mapid`,`creation`,`expiration`,`killed_npc_guids`,`difficulty`,`creator_group`,`creator_guid`,`persistent`) VALUES 
	(117,575,1229717205,0,'6166194 6166197 6166198 6166216 6166217 6166218 6166219 6166220 6166221 6166222 6166223 6166224 6166225 6166226 6166227 6166228 6166229 6166230 6166231 6166234 6166235 6166236 6166320 6166331 6166332 6166333 6166334 6166335 6166336 6166337 6166338 6166339 6166340 6166341 6166342 6166343 6166344 6166345 6166346 6166347 6166348 6166349 6166350 6166351 6166352 6166353 6166354 6166355 6166356 6166368 ',0,0,12,0),
	(118,574,1229717749,0,'',0,0,12,0),
	(157,560,1241289318,0,'',0,0,2,0),
	(158,542,1241289690,0,'348785 ',0,0,2,0),
	(159,542,1241289703,0,'',0,0,5,0);
UNLOCK TABLES;

--
-- Dump of logon.ipbans
-- Dump DATE : 05.16.09 16:34:31
--

-- EMPTY

--
-- Dump of logon.mailbox
-- Dump DATE : 05.16.09 16:34:31
--

-- EMPTY

--
-- Dump of logon.playercooldowns
-- Dump DATE : 05.16.09 16:34:31
--

-- EMPTY

--
-- Dump of logon.playeritems
-- Dump DATE : 05.16.09 16:34:31
--

-- Dumping data for table logon.playeritems
LOCK TABLES playeritems WRITE;
DELETE FROM playeritems;
INSERT INTO playeritems (`ownerguid`,`guid`,`entry`,`wrapped_item_id`,`wrapped_creator`,`creator`,`count`,`charges`,`flags`,`randomprop`,`randomsuffix`,`itemtext`,`durability`,`containerslot`,`slot`,`enchantments`) VALUES 
	(2,592,38,0,0,0,1,0,0,0,0,0,0,-1,3,''),
	(2,598,6948,0,0,0,1,0,1,0,0,0,0,-1,24,''),
	(2,597,117,0,0,0,4,4294967295,0,0,0,0,0,-1,23,''),
	(2,595,2362,0,0,0,1,0,0,0,0,0,20,-1,16,''),
	(2,596,25,0,0,0,1,0,0,0,0,0,19,-1,15,''),
	(2,594,40,0,0,0,1,0,0,0,0,0,0,-1,7,''),
	(5,53,53,0,0,0,1,0,0,0,0,0,0,-1,3,''),
	(16,679,34334,0,0,0,1,0,1,0,0,0,101,-1,17,''),
	(18,675,40581,0,0,0,1,0,1,0,0,0,98,-1,0,''),
	(16,663,40563,0,0,0,1,0,1,0,0,0,52,-1,9,''),
	(5,60,6948,0,0,0,1,0,1,0,0,0,0,-1,23,''),
	(8,102,40402,0,0,0,1,0,1,0,0,0,96,-1,15,''),
	(8,106,40563,0,0,0,1,0,1,0,0,0,51,-1,9,''),
	(8,107,40567,0,0,0,1,0,1,0,0,0,114,-1,6,'3822,0,0;'),
	(8,104,40559,0,0,0,1,0,1,0,0,0,153,-1,4,''),
	(8,262,40683,0,0,0,1,0,1,0,0,0,0,-1,13,''),
	(8,282,40722,0,0,0,1,0,1,0,0,0,0,-1,14,''),
	(18,689,23162,0,0,0,1,0,1,0,0,0,0,-1,21,''),
	(18,690,23162,0,0,0,1,0,1,0,0,0,0,-1,20,''),
	(8,274,40689,0,0,0,1,0,1,0,0,0,51,-1,5,''),
	(18,691,23162,0,0,0,1,0,1,0,0,0,0,-1,19,''),
	(8,273,39234,0,0,0,1,0,1,0,0,0,63,-1,7,''),
	(8,279,39467,0,0,0,1,0,1,0,0,0,44,-1,8,''),
	(5,283,43555,0,0,0,1,0,1,0,0,0,0,-1,26,''),
	(5,281,37006,0,0,0,1,0,0,0,0,0,0,-1,24,''),
	(8,278,40069,0,0,0,1,0,1,0,0,0,0,-1,1,''),
	(8,98,38145,0,0,0,1,0,1,0,0,0,0,-1,19,''),
	(8,99,38145,0,0,0,1,0,1,0,0,0,0,-1,20,''),
	(8,100,38145,0,0,0,1,0,1,0,0,0,0,-1,21,''),
	(8,101,38145,0,0,0,1,0,1,0,0,0,0,-1,22,''),
	(8,105,40565,0,0,0,1,0,1,0,0,0,92,-1,0,''),
	(8,103,40402,0,0,0,1,0,1,0,0,0,100,-1,16,''),
	(8,108,40568,0,0,0,1,0,1,0,0,0,90,-1,2,''),
	(5,627,38311,0,0,0,1,0,1,0,0,0,0,-1,27,''),
	(5,629,38082,0,0,0,1,0,1,0,0,0,0,-1,20,''),
	(5,632,38082,0,0,0,1,0,1,0,0,0,0,-1,21,''),
	(5,631,38082,0,0,0,1,0,1,0,0,0,0,-1,22,''),
	(12,647,40474,0,0,0,1,0,1,0,0,0,0,-1,10,''),
	(12,648,39401,0,0,0,1,0,1,0,0,0,0,-1,11,''),
	(19,681,18871,0,0,0,1,0,1,0,0,0,120,-1,15,''),
	(18,680,34334,0,0,0,1,0,1,0,0,0,104,-1,17,''),
	(18,676,40580,0,0,0,1,0,1,0,0,0,55,-1,9,''),
	(5,615,39276,0,0,0,1,0,1,0,0,0,115,-1,16,''),
	(5,616,39344,0,0,0,1,0,1,0,0,0,98,-1,15,''),
	(5,620,39639,0,0,0,1,0,1,0,0,0,52,-1,9,''),
	(5,619,39641,0,0,0,1,0,1,0,0,0,118,-1,6,''),
	(5,621,39638,0,0,0,1,0,1,0,0,0,159,-1,4,''),
	(16,246,34655,0,0,0,1,0,1,0,0,0,51,-1,24,''),
	(16,244,34652,0,0,0,1,0,1,0,0,0,53,-1,25,''),
	(15,243,6948,0,0,0,1,0,1,0,0,0,0,-1,24,''),
	(15,242,117,0,0,0,4,4294967295,0,0,0,0,0,-1,23,''),
	(15,241,2361,0,0,0,1,0,0,0,0,0,25,-1,15,''),
	(15,240,139,0,0,0,1,0,0,0,0,0,25,-1,6,''),
	(15,239,6125,0,0,0,1,0,0,0,0,0,0,-1,3,''),
	(12,646,39421,0,0,0,1,0,1,0,0,0,0,-1,1,''),
	(12,645,25549,0,0,0,1,0,1,0,0,0,0,-1,18,''),
	(12,644,42068,0,0,0,1,0,1,0,0,0,0,-1,14,''),
	(12,651,40265,0,0,0,1,0,1,0,0,0,85,-1,17,''),
	(12,642,40528,0,0,0,1,0,1,0,0,0,93,-1,0,''),
	(12,205,39345,0,0,0,1,0,1,0,0,0,26,-1,5,''),
	(16,662,40567,0,0,0,1,0,1,0,0,0,109,-1,6,''),
	(16,659,40568,0,0,0,1,0,1,0,0,0,99,-1,2,''),
	(16,660,40565,0,0,0,1,0,1,0,0,0,93,-1,0,''),
	(16,245,34657,0,0,0,1,0,1,0,0,0,0,-1,1,''),
	(12,204,40206,0,0,0,1,0,1,0,0,0,45,-1,7,''),
	(12,203,40330,0,0,0,1,0,1,0,0,0,21,-1,8,''),
	(12,199,38082,0,0,0,1,0,1,0,0,0,0,-1,21,''),
	(12,196,43345,0,0,0,1,0,1,0,0,0,0,-1,19,''),
	(12,195,38082,0,0,0,1,0,1,0,0,0,0,-1,20,''),
	(16,661,40559,0,0,0,1,0,1,0,0,0,160,-1,4,''),
	(8,261,40372,0,0,0,1,0,1,0,0,0,0,-1,12,''),
	(12,653,40384,0,0,0,1,0,1,0,0,0,112,-1,16,''),
	(12,652,40384,0,0,0,1,0,1,0,0,0,113,-1,15,''),
	(12,186,40256,0,0,0,1,0,1,0,0,0,0,-1,13,''),
	(12,188,40684,0,0,0,1,0,1,0,0,0,0,-1,12,''),
	(16,668,46609,0,0,0,1,0,1,0,0,0,0,-1,31,''),
	(16,678,30318,0,0,0,1,0,0,0,0,0,110,-1,32,''),
	(18,667,46609,0,0,0,1,0,1,0,0,0,0,-1,15,''),
	(16,664,46609,0,0,0,1,0,1,0,0,0,0,-1,15,''),
	(12,198,38082,0,0,0,1,0,1,0,0,0,0,-1,22,''),
	(16,448,40752,0,0,0,225,0,1,0,0,0,0,-1,29,''),
	(16,449,40753,0,0,0,60,0,1,0,0,0,0,-1,30,''),
	(16,247,34650,0,0,0,1,0,1,0,0,0,86,-1,26,''),
	(16,248,34651,0,0,0,1,0,1,0,0,0,25,-1,5,''),
	(16,249,34656,0,0,0,1,0,1,0,0,0,63,-1,27,''),
	(16,250,34648,0,0,0,1,0,1,0,0,0,39,-1,7,''),
	(16,251,34653,0,0,0,1,0,1,0,0,0,20,-1,8,''),
	(16,252,34649,0,0,0,1,0,1,0,0,0,28,-1,28,''),
	(16,254,34658,0,0,0,1,0,1,0,0,0,0,-1,10,''),
	(16,256,38147,0,0,0,1,0,1,0,0,0,0,-1,11,''),
	(16,253,34659,0,0,0,1,0,1,0,0,0,0,-1,14,''),
	(16,257,38145,0,0,0,1,0,1,0,0,0,0,-1,19,''),
	(16,258,38145,0,0,0,1,0,1,0,0,0,0,-1,20,''),
	(16,259,38145,0,0,0,1,0,1,0,0,0,0,-1,21,''),
	(16,260,38145,0,0,0,1,0,1,0,0,0,0,-1,22,''),
	(16,255,41751,0,0,0,10,4294967295,0,0,0,0,0,-1,23,''),
	(5,263,70000,0,0,0,1,0,1,0,0,0,235,-1,0,''),
	(5,266,70003,0,0,0,1,0,1,0,0,0,227,-1,2,''),
	(5,264,70001,0,0,0,1,0,0,0,0,0,150,-1,4,''),
	(5,265,70002,0,0,0,1,0,1,0,0,0,96,-1,6,''),
	(5,267,70004,0,0,0,1,0,1,0,0,0,196,-1,9,''),
	(16,268,70000,0,0,0,1,0,1,0,0,0,235,-1,24,''),
	(16,269,70001,0,0,0,1,0,0,0,0,0,150,-1,25,''),
	(16,270,70002,0,0,0,1,0,1,0,0,0,96,-1,26,''),
	(16,271,70003,0,0,0,1,0,1,0,0,0,227,-1,27,''),
	(16,272,70004,0,0,0,1,0,1,0,0,0,196,-1,28,''),
	(8,277,40107,0,0,0,1,0,1,0,0,0,0,-1,10,''),
	(8,275,39141,0,0,0,1,0,1,0,0,0,0,-1,11,''),
	(5,284,42992,0,0,0,1,0,134217729,0,0,0,0,-1,25,''),
	(12,641,40527,0,0,0,1,0,1,0,0,0,48,-1,9,''),
	(18,655,42123,0,0,0,1,0,1,0,0,0,0,-1,23,''),
	(17,654,40336,0,0,0,1,0,1,0,0,0,105,-1,23,''),
	(17,291,12282,0,0,0,1,0,0,0,0,0,13,-1,15,''),
	(17,656,32497,0,0,0,1,0,1,0,0,0,0,-1,25,''),
	(17,293,6948,0,0,0,1,0,1,0,0,0,0,-1,24,''),
	(31,430,24146,0,0,0,1,0,0,0,0,0,16,-1,7,''),
	(31,429,24145,0,0,0,1,0,0,0,0,0,25,-1,6,''),
	(31,428,24143,0,0,0,1,0,0,0,0,0,0,-1,3,''),
	(30,427,40504,0,0,0,1,0,1,0,0,0,50,-1,9,''),
	(30,423,40503,0,0,0,1,0,1,0,0,0,140,-1,4,''),
	(30,425,40507,0,0,0,1,0,1,0,0,0,85,-1,2,''),
	(30,424,40505,0,0,0,1,0,1,0,0,0,85,-1,0,''),
	(30,421,6948,0,0,0,1,0,1,0,0,0,0,-1,25,''),
	(27,380,6948,0,0,0,1,0,1,0,0,0,0,-1,24,''),
	(27,379,117,0,0,0,4,4294967295,0,0,0,0,0,-1,23,''),
	(27,378,12282,0,0,0,1,0,0,0,0,0,25,-1,15,''),
	(27,377,140,0,0,0,1,0,0,0,0,0,0,-1,7,''),
	(30,418,159,0,0,0,2,4294967295,0,0,0,0,0,-1,24,''),
	(30,417,4604,0,0,0,4,4294967295,0,0,0,0,0,-1,23,''),
	(30,420,2512,0,0,0,200,0,0,0,0,0,0,19,0,''),
	(30,419,2101,0,0,0,1,0,0,0,0,0,0,-1,19,''),
	(30,416,2504,0,0,0,1,0,0,0,0,0,20,-1,17,''),
	(30,415,37,0,0,0,1,0,0,0,0,0,20,-1,15,''),
	(30,414,6127,0,0,0,1,0,0,0,0,0,0,-1,7,''),
	(30,413,6126,0,0,0,1,0,0,0,0,0,25,-1,30,''),
	(30,412,127,0,0,0,1,0,0,0,0,0,0,-1,3,''),
	(27,375,6125,0,0,0,1,0,0,0,0,0,0,-1,3,''),
	(27,376,139,0,0,0,1,0,0,0,0,0,25,-1,6,''),
	(32,440,2362,0,0,0,1,0,0,0,0,0,20,-1,16,''),
	(32,441,25,0,0,0,1,0,0,0,0,0,20,-1,27,''),
	(32,439,139,0,0,0,1,0,0,0,0,0,25,-1,6,''),
	(32,438,6125,0,0,0,1,0,0,0,0,0,0,-1,3,''),
	(31,437,40753,0,0,0,60,0,1,0,0,0,0,-1,27,''),
	(31,436,40752,0,0,0,200,0,1,0,0,0,0,-1,26,''),
	(24,338,6125,0,0,0,1,0,0,0,0,0,0,-1,3,''),
	(24,339,139,0,0,0,1,0,0,0,0,0,25,-1,6,''),
	(24,340,140,0,0,0,1,0,0,0,0,0,0,-1,7,''),
	(24,341,12282,0,0,0,1,0,0,0,0,0,25,-1,15,''),
	(24,342,117,0,0,0,4,4294967295,0,0,0,0,0,-1,23,''),
	(24,343,6948,0,0,0,1,0,1,0,0,0,0,-1,24,''),
	(33,485,42332,0,0,0,1,0,1,0,0,0,120,-1,15,''),
	(24,346,40546,0,0,0,1,0,1,0,0,0,100,-1,26,''),
	(24,347,40548,0,0,0,1,0,1,0,0,0,100,-1,27,''),
	(24,348,40544,0,0,0,1,0,1,0,0,0,165,-1,28,''),
	(24,349,40545,0,0,0,1,0,1,0,0,0,55,-1,29,''),
	(24,350,40547,0,0,0,1,0,1,0,0,0,120,-1,30,''),
	(33,479,41751,0,0,0,10,4294967295,0,0,0,0,0,-1,23,''),
	(33,484,38145,0,0,0,1,0,1,0,0,0,0,-1,22,''),
	(33,483,38145,0,0,0,1,0,1,0,0,0,0,-1,21,''),
	(33,482,38145,0,0,0,1,0,1,0,0,0,0,-1,20,''),
	(33,481,38145,0,0,0,1,0,1,0,0,0,0,-1,19,''),
	(33,477,34659,0,0,0,1,0,1,0,0,0,0,-1,14,''),
	(33,480,38147,0,0,0,1,0,1,0,0,0,0,-1,11,''),
	(33,478,34658,0,0,0,1,0,1,0,0,0,0,-1,10,''),
	(33,476,34649,0,0,0,1,0,1,0,0,0,40,-1,9,''),
	(33,475,34653,0,0,0,1,0,1,0,0,0,40,-1,8,''),
	(33,474,34648,0,0,0,1,0,1,0,0,0,55,-1,7,''),
	(31,434,6948,0,0,0,1,0,1,0,0,0,0,-1,25,''),
	(31,433,159,0,0,0,2,4294967295,0,0,0,0,0,-1,24,''),
	(31,432,20857,0,0,0,4,4294967295,0,0,0,0,0,-1,23,''),
	(31,431,23346,0,0,0,1,0,0,0,0,0,25,-1,15,''),
	(12,403,40752,0,0,0,200,0,1,0,0,0,0,-1,23,''),
	(29,404,38,0,0,0,1,0,0,0,0,0,0,-1,3,''),
	(29,405,39,0,0,0,1,0,0,0,0,0,25,-1,6,''),
	(29,406,40,0,0,0,1,0,0,0,0,0,0,-1,7,''),
	(29,408,25,0,0,0,1,0,0,0,0,0,20,-1,15,''),
	(29,407,2362,0,0,0,1,0,0,0,0,0,20,-1,16,''),
	(29,409,117,0,0,0,4,4294967295,0,0,0,0,0,-1,23,''),
	(29,410,6948,0,0,0,1,0,1,0,0,0,0,-1,24,''),
	(30,426,40506,0,0,0,1,0,1,0,0,0,105,-1,6,''),
	(32,444,25861,0,0,0,1,0,0,0,0,0,200,-1,17,''),
	(32,442,117,0,0,0,4,4294967295,0,0,0,0,0,-1,23,''),
	(32,443,6948,0,0,0,1,0,1,0,0,0,0,-1,24,''),
	(32,445,40752,0,0,0,200,0,1,0,0,0,0,-1,25,''),
	(32,447,40402,0,0,0,1,0,1,0,0,0,105,-1,15,''),
	(18,657,46609,0,0,0,1,0,1,0,0,0,0,-1,24,''),
	(2,658,46609,0,0,0,1,0,1,0,0,0,0,-1,32,''),
	(33,473,34656,0,0,0,1,0,1,0,0,0,85,-1,6,''),
	(33,472,34651,0,0,0,1,0,1,0,0,0,40,-1,5,''),
	(33,471,34650,0,0,0,1,0,1,0,0,0,115,-1,4,''),
	(33,470,34655,0,0,0,1,0,1,0,0,0,70,-1,2,''),
	(33,469,34657,0,0,0,1,0,1,0,0,0,0,-1,1,''),
	(33,468,34652,0,0,0,1,0,1,0,0,0,70,-1,0,''),
	(12,640,40529,0,0,0,1,0,1,0,0,0,115,-1,6,''),
	(12,643,40525,0,0,0,1,0,1,0,0,0,158,-1,4,''),
	(12,639,40530,0,0,0,1,0,1,0,0,0,97,-1,2,''),
	(2,593,39,0,0,0,1,0,0,0,0,0,23,-1,6,''),
	(19,687,23162,0,0,0,1,0,1,0,0,0,0,-1,21,''),
	(2,493,24143,0,0,0,1,0,0,0,0,0,0,-1,3,''),
	(2,494,24145,0,0,0,1,0,0,0,0,0,25,-1,6,''),
	(2,495,24146,0,0,0,1,0,0,0,0,0,16,-1,7,''),
	(2,496,23346,0,0,0,1,0,0,0,0,0,25,-1,15,''),
	(2,497,20857,0,0,0,4,4294967295,0,0,0,0,0,-1,23,''),
	(2,498,159,0,0,0,2,4294967295,0,0,0,0,0,-1,24,''),
	(2,499,6948,0,0,0,1,0,1,0,0,0,0,-1,25,''),
	(19,685,23162,0,0,0,1,0,1,0,0,0,0,-1,20,''),
	(19,684,23162,0,0,0,1,0,1,0,0,0,0,-1,19,''),
	(18,688,23162,0,0,0,1,0,1,0,0,0,0,-1,22,''),
	(19,693,30972,0,0,0,1,0,1,0,0,0,100,-1,0,''),
	(19,692,30969,0,0,0,1,0,1,0,0,0,55,-1,9,''),
	(19,683,22691,0,0,0,1,0,1,0,0,0,120,-1,24,''),
	(19,682,13262,0,0,0,1,0,1,0,0,0,145,-1,23,''),
	(19,686,23162,0,0,0,1,0,1,0,0,0,0,-1,22,''),
	(5,630,38082,0,0,0,1,0,1,0,0,0,0,-1,19,''),
	(5,633,40734,0,0,0,1,0,1,0,0,0,53,-1,8,''),
	(5,623,39292,0,0,0,1,0,1,0,0,0,0,-1,12,''),
	(5,622,40683,0,0,0,1,0,1,0,0,0,0,-1,13,''),
	(5,571,34648,0,0,0,1,0,1,0,0,0,47,-1,7,''),
	(18,673,40584,0,0,0,1,0,1,0,0,0,99,-1,2,''),
	(5,569,34651,0,0,0,1,0,1,0,0,0,30,-1,5,''),
	(18,677,40579,0,0,0,1,0,1,0,0,0,160,-1,4,''),
	(18,674,40583,0,0,0,1,0,1,0,0,0,114,-1,6,''),
	(5,626,44660,0,0,0,1,0,1,0,0,0,0,-1,1,''),
	(5,625,37784,0,0,0,1,0,1,0,0,0,0,-1,10,''),
	(5,624,40718,0,0,0,1,0,1,0,0,0,0,-1,11,''),
	(5,617,39642,0,0,0,1,0,1,0,0,0,98,-1,2,''),
	(5,628,43565,0,0,0,1,0,1,0,0,0,0,-1,14,''),
	(5,618,39640,0,0,0,1,0,1,0,0,0,97,-1,0,''),
	(19,694,30975,0,0,0,1,0,1,0,0,0,165,-1,4,''),
	(19,695,30977,0,0,0,1,0,1,0,0,0,120,-1,6,''),
	(19,696,30979,0,0,0,1,0,1,0,0,0,100,-1,2,''),
	(19,697,34441,0,0,0,1,0,1,0,0,0,55,-1,8,''),
	(19,698,34546,0,0,0,1,0,1,0,0,0,55,-1,5,''),
	(19,699,34569,0,0,0,1,0,1,0,0,0,73,-1,7,''),
	(19,700,38925,0,0,0,3,4294967295,0,0,0,0,0,-1,33,''),
	(18,703,38925,0,0,0,2,4294967295,0,0,0,0,0,-1,25,''),
	(2,704,96900,0,0,0,1,0,1,0,0,0,0,-1,33,''),
	(18,705,96900,0,0,0,1,0,1,0,0,0,0,-1,26,'');
UNLOCK TABLES;

--
-- Dump of logon.playerpets
-- Dump DATE : 05.16.09 16:34:31
--

-- EMPTY

--
-- Dump of logon.playerpetspells
-- Dump DATE : 05.16.09 16:34:31
--

-- EMPTY

--
-- Dump of logon.playersummonspells
-- Dump DATE : 05.16.09 16:34:31
--

-- Dumping data for table logon.playersummonspells
LOCK TABLES playersummonspells WRITE;
DELETE FROM playersummonspells;
INSERT INTO playersummonspells (`ownerguid`,`entryid`,`spellid`) VALUES 
	(9,1863,7814),
	(9,1860,3716),
	(9,417,19505),
	(9,416,3110);
UNLOCK TABLES;

--
-- Dump of logon.questlog
-- Dump DATE : 05.16.09 16:34:31
--

-- Dumping data for table logon.questlog
LOCK TABLES questlog WRITE;
DELETE FROM questlog;
INSERT INTO questlog (`player_guid`,`quest_id`,`slot`,`time_left`,`explored_area1`,`explored_area2`,`explored_area3`,`explored_area4`,`mob_kill1`,`mob_kill2`,`mob_kill3`,`mob_kill4`) VALUES 
	(5,11456,0,0,0,0,0,0,0,0,0,0),
	(5,12173,1,0,0,0,0,0,0,0,0,0),
	(16,90000,0,0,0,0,0,0,0,0,0,0),
	(31,90003,0,0,0,0,0,0,0,0,0,0);
UNLOCK TABLES;

--
-- Dump of logon.server_settings
-- Dump DATE : 05.16.09 16:34:31
--

-- Dumping data for table logon.server_settings
LOCK TABLES server_settings WRITE;
DELETE FROM server_settings;
INSERT INTO server_settings (`setting_id`,`setting_value`) VALUES 
	('last_arena_update_time',1241786421),
	('last_daily_update_time',1241337617),
	('next_instance_reset_533',1241391600),
	('next_instance_reset_564',1241823600),
	('next_instance_reset_532',1241823600),
	('next_instance_reset_580',1241823600),
	('expansionupdate',3414453);
UNLOCK TABLES;

--
-- Dump of logon.site_motd
-- Dump DATE : 05.16.09 16:34:31
--

-- Dumping data for table logon.site_motd
LOCK TABLES site_motd WRITE;
DELETE FROM site_motd;
INSERT INTO site_motd (`id`,`poster`,`message`) VALUES 
	(1,'05/15/09 08:29:53 Posted by: red','Welcome everyone');
UNLOCK TABLES;

--
-- Dump of logon.social_friends
-- Dump DATE : 05.16.09 16:34:31
--

-- EMPTY

--
-- Dump of logon.social_ignores
-- Dump DATE : 05.16.09 16:34:31
--

-- EMPTY

--
-- Dump of logon.tutorials
-- Dump DATE : 05.16.09 16:34:31
--

-- Dumping data for table logon.tutorials
LOCK TABLES tutorials WRITE;
DELETE FROM tutorials;
INSERT INTO tutorials (`playerId`,`tut0`,`tut1`,`tut2`,`tut3`,`tut4`,`tut5`,`tut6`,`tut7`) VALUES 
	(3,4294967295,4294967295,4294967295,4294967295,4294967295,4294967295,4294967295,4294967295),
	(5,4294967295,4294967295,4294967295,4294967295,4294967295,4294967295,4294967295,4294967295),
	(19,4294967295,4294967295,4294967295,4294967295,4294967295,4294967295,4294967295,4294967295),
	(8,4294967295,4294967295,4294967295,4294967295,4294967295,4294967295,4294967295,4294967295),
	(15,4294967295,4294967295,4294967295,4294967295,4294967295,4294967295,4294967295,4294967295),
	(18,4294967295,4294967295,4294967295,4294967295,4294967295,4294967295,4294967295,4294967295),
	(12,4294967295,4294967295,4294967295,4294967295,4294967295,4294967295,4294967295,4294967295),
	(16,4294967295,4294967295,4294967295,4294967295,4294967295,4294967295,4294967295,4294967295),
	(17,4294967295,4294967295,4294967295,4294967295,4294967295,4294967295,4294967295,4294967295),
	(32,4294967295,4294967295,4294967295,4294967295,4294967295,4294967295,4294967295,4294967295),
	(31,4294967295,4294967295,4294967295,4294967295,4294967295,4294967295,4294967295,4294967295),
	(27,0,0,0,0,0,0,0,0),
	(30,4294967295,4294967295,4294967295,4294967295,4294967295,4294967295,4294967295,4294967295),
	(33,4194310,512,0,0,0,0,0,0),
	(2,4294967295,4294967295,4294967295,4294967295,4294967295,4294967295,4294967295,4294967295),
	(24,4294967295,4294967295,4294967295,4294967295,4294967295,4294967295,4294967295,4294967295),
	(29,4194310,0,0,0,0,0,0,0);
UNLOCK TABLES;

